po_id,sku_id,store_id,store_name,case_pack,cases_received,cases_to_ship,total_need,need_units,wos_before,cases_allocated,units_allocated
PO-26092201,118634,101,warehouse_1,6,7,7,154,68,0.7407407407407407,3,18
PO-26092201,118634,102,warehouse_2,6,7,7,154,49,0.8192771084337349,2,12
PO-26092201,118634,103,warehouse_3,6,7,7,154,37,0.6785714285714286,2,12
PO-26092201,118670,101,warehouse_1,6,8,8,80,44,0.8571428571428571,5,30
PO-26092201,118670,102,warehouse_2,6,8,8,80,22,1.12,2,12
PO-26092201,118670,103,warehouse_3,6,8,8,80,14,1.2,1,6
PO-26092201,118680,101,warehouse_1,6,6,6,45,14,1.5135135135135136,2,12
PO-26092201,118680,102,warehouse_2,6,6,6,45,10,1.607843137254902,1,6
PO-26092201,118680,103,warehouse_3,6,6,6,45,21,0.6984126984126984,3,18
PO-26092201,118690,101,warehouse_1,6,10,6,36,24,1.1111111111111112,4,24
PO-26092201,118690,102,warehouse_2,6,10,6,36,12,1.5,2,12
PO-26092201,118690,103,warehouse_3,6,10,6,36,0,2.925373134328358,0,0
PO-26092201,184240,101,warehouse_1,4,12,12,69,58,0.49673202614379086,10,40
PO-26092201,184240,102,warehouse_2,4,12,12,69,6,1.7777777777777777,1,4
PO-26092201,184240,103,warehouse_3,4,12,12,69,5,1.783132530120482,1,4
PO-26092201,229045,101,warehouse_1,4,11,3,9,0,2.0,0,0
PO-26092201,229045,102,warehouse_2,4,11,3,9,9,1.3333333333333333,3,12
PO-26092201,229045,103,warehouse_3,4,11,3,9,0,3.3191489361702127,0,0
PO-26092201,229070,101,warehouse_1,4,3,0,0,0,3.076923076923077,0,0
PO-26092201,229070,102,warehouse_2,4,3,0,0,0,3.076923076923077,0,0
PO-26092201,229070,103,warehouse_3,4,3,0,0,0,4.5,0,0
PO-26092201,441210,101,warehouse_1,3,7,0,0,0,9.333333333333334,0,0
PO-26092201,441210,102,warehouse_2,3,7,0,0,0,7.6,0,0
PO-26092201,441210,103,warehouse_3,3,7,0,0,0,5.391304347826087,0,0
PO-26092201,551902,101,warehouse_1,6,9,9,54,23,1.0212765957446808,4,24
PO-26092201,551902,102,warehouse_2,6,9,9,54,29,1.0256410256410255,5,30
PO-26092201,551902,103,warehouse_3,6,9,9,54,2,1.9047619047619047,0,0
PO-26092201,774040,101,warehouse_1,2,6,0,0,0,9.68421052631579,0,0
PO-26092201,774040,102,warehouse_2,2,6,0,0,0,5.12,0,0
PO-26092201,774040,103,warehouse_3,2,6,0,0,0,2.0,0,0
PO-26092201,990110,101,warehouse_1,6,14,4,23,9,1.5466666666666666,2,12
PO-26092201,990110,102,warehouse_2,6,14,4,23,14,1.0344827586206897,2,12
PO-26092201,990110,103,warehouse_3,6,14,4,23,0,2.5714285714285716,0,0
PO-26092201,990130,101,warehouse_1,6,5,5,144,47,0.6571428571428571,2,12
PO-26092201,990130,102,warehouse_2,6,5,5,144,57,0.2727272727272727,2,12
PO-26092201,990130,103,warehouse_3,6,5,5,144,40,0.8120300751879699,1,6
