po_id,sku_id,case_pack,cases_received,cases_allocated,cases_held_at_dc,total_need_units,units_allocated
PO-26092201,118634,6,7,7,0,154,42
PO-26092201,118670,6,8,8,0,80,48
PO-26092201,118680,6,6,6,0,45,36
PO-26092201,118690,6,10,6,4,36,36
PO-26092201,184240,4,12,12,0,69,48
PO-26092201,229045,4,11,3,8,9,12
PO-26092201,229070,4,3,0,3,0,0
PO-26092201,441210,3,7,0,7,0,0
PO-26092201,551902,6,9,9,0,54,54
PO-26092201,774040,2,6,0,6,0,0
PO-26092201,990110,6,14,4,10,23,24
PO-26092201,990130,6,5,5,0,144,30
