store_id,store_name,sku_id,sku_name,category,weekly_rate,on_hand_units,wos_before,po_units_in,transfer_units_in,transfer_units_out,units_after,wos_after
101,warehouse_1,118634,Bottled Water 40pk,Grocery,54.0,40,0.7407407407407407,18,0,0,58,1.0740740740740742
101,warehouse_1,118640,Sparkling Water 24pk,Grocery,40.5,22,0.5432098765432098,0,0,0,22,0.5432098765432098
101,warehouse_1,118655,Trail Mix Value Pack,Grocery,42.5,28,0.6588235294117647,0,0,0,28,0.6588235294117647
101,warehouse_1,118670,Pasta Sauce Twin Pack,Grocery,38.5,33,0.8571428571428571,30,0,0,63,1.6363636363636365
101,warehouse_1,118680,Olive Oil 2L,Grocery,27.75,42,1.5135135135135136,12,0,0,54,1.945945945945946
101,warehouse_1,118690,Coffee Pods 100ct,Grocery,27.0,30,1.1111111111111112,24,0,0,54,2.0
101,warehouse_1,184220,Paper Towels 12pk,Household,32.0,0,0.0,0,0,0,0,0.0
101,warehouse_1,184230,Toilet Paper 30ct,Household,40.25,20,0.4968944099378882,0,0,0,20,0.4968944099378882
101,warehouse_1,184240,Disinfecting Wipes 3pk,Household,38.25,19,0.49673202614379086,40,0,0,59,1.542483660130719
101,warehouse_1,184250,Trash Bags 100ct,Household,18.5,19,1.027027027027027,0,0,0,19,1.027027027027027
101,warehouse_1,229045,Chicken Breast Family Pack,Meat,8.0,16,2.0,0,0,0,16,2.0
101,warehouse_1,229050,Chicken Breast Tray,Meat,18.0,23,1.2777777777777777,0,0,0,23,1.2777777777777777
101,warehouse_1,229060,Atlantic Salmon 2pk,Meat,11.0,15,1.3636363636363635,0,0,0,15,1.3636363636363635
101,warehouse_1,229070,Salmon Fillet Pack,Meat,9.75,30,3.076923076923077,0,0,0,30,3.076923076923077
101,warehouse_1,330112,Whole Milk Gallon,Dairy,27.5,10,0.36363636363636365,0,0,0,10,0.36363636363636365
101,warehouse_1,330118,Greek Yogurt 12ct,Dairy,16.0,32,2.0,0,0,0,32,2.0
101,warehouse_1,330120,Butter Quarters 4pk,Dairy,42.25,20,0.47337278106508873,0,0,0,20,0.47337278106508873
101,warehouse_1,330130,Shredded Cheese 2lb,Dairy,19.0,20,1.0526315789473684,0,0,0,20,1.0526315789473684
101,warehouse_1,441201,Copy Paper 5-Ream,Office,4.25,17,4.0,0,0,0,17,4.0
101,warehouse_1,441210,Ballpoint Pens 60ct,Office,3.75,35,9.333333333333334,0,0,0,35,9.333333333333334
101,warehouse_1,441220,Sticky Notes Value,Office,3.75,28,7.466666666666667,0,0,15,13,3.466666666666667
101,warehouse_1,441230,Binder Clips Assort,Office,3.5,20,5.714285714285714,0,0,0,20,5.714285714285714
101,warehouse_1,445880,Laundry Detergent 2pk,Household,17.0,12,0.7058823529411765,0,0,0,12,0.7058823529411765
101,warehouse_1,445890,Dryer Sheets 240ct,Household,16.75,29,1.7313432835820894,0,0,0,29,1.7313432835820894
101,warehouse_1,551902,Rotisserie Chicken,Deli,23.5,24,1.0212765957446808,24,0,0,48,2.0425531914893615
101,warehouse_1,551910,Macaroni Salad Tub,Deli,32.25,31,0.9612403100775194,0,0,0,31,0.9612403100775194
101,warehouse_1,551920,Turkey Club Sandwich,Deli,17.0,49,2.8823529411764706,0,0,0,49,2.8823529411764706
101,warehouse_1,551930,Potato Salad Tub,Deli,34.5,28,0.8115942028985508,0,0,0,28,0.8115942028985508
101,warehouse_1,667301,Diapers Size 4,Baby,13.0,0,0.0,0,0,0,0,0.0
101,warehouse_1,667310,Baby Wipes Soft Pack,Baby,8.25,28,3.393939393939394,0,0,0,28,3.393939393939394
101,warehouse_1,667320,Infant Formula Can,Baby,15.5,25,1.6129032258064515,0,0,0,25,1.6129032258064515
101,warehouse_1,667330,Toddler Snacks Box,Baby,12.75,36,2.823529411764706,0,0,0,36,2.823529411764706
101,warehouse_1,774015,AA Batteries 48ct,GM,7.75,0,0.0,0,0,0,0,0.0
101,warehouse_1,774020,HDMI Cable 2-Pack,GM,6.0,24,4.0,0,0,0,24,4.0
101,warehouse_1,774030,Phone Charger Kit,GM,4.5,19,4.222222222222222,0,0,0,19,4.222222222222222
101,warehouse_1,774040,LED Bulbs 8pk,GM,4.75,46,9.68421052631579,0,0,0,46,9.68421052631579
101,warehouse_1,990101,Bananas Club Bunch,Produce,26.25,33,1.2571428571428571,0,0,0,33,1.2571428571428571
101,warehouse_1,990110,Bag Bag 5lb,Produce,18.75,29,1.5466666666666666,12,0,0,41,2.1866666666666665
101,warehouse_1,990120,Romaine Hearts 3pk,Produce,17.0,35,2.0588235294117645,0,0,0,35,2.0588235294117645
101,warehouse_1,990130,Blueberries Pint,Produce,35.0,23,0.6571428571428571,12,0,0,35,1.0
102,warehouse_2,118634,Bottled Water 40pk,Grocery,41.5,34,0.8192771084337349,12,0,0,46,1.108433734939759
102,warehouse_2,118640,Sparkling Water 24pk,Grocery,33.75,21,0.6222222222222222,0,0,0,21,0.6222222222222222
102,warehouse_2,118655,Trail Mix Value Pack,Grocery,33.0,30,0.9090909090909091,0,0,0,30,0.9090909090909091
102,warehouse_2,118670,Pasta Sauce Twin Pack,Grocery,25.0,28,1.12,12,0,0,40,1.6
102,warehouse_2,118680,Olive Oil 2L,Grocery,25.5,41,1.607843137254902,6,0,0,47,1.8431372549019607
102,warehouse_2,118690,Coffee Pods 100ct,Grocery,24.0,36,1.5,12,0,0,48,2.0
102,warehouse_2,184220,Paper Towels 12pk,Household,27.25,27,0.9908256880733946,0,0,0,27,0.9908256880733946
102,warehouse_2,184230,Toilet Paper 30ct,Household,28.25,37,1.3097345132743363,0,0,0,37,1.3097345132743363
102,warehouse_2,184240,Disinfecting Wipes 3pk,Household,24.75,44,1.7777777777777777,4,0,0,48,1.9393939393939394
102,warehouse_2,184250,Trash Bags 100ct,Household,17.5,19,1.0857142857142856,0,0,0,19,1.0857142857142856
102,warehouse_2,229045,Chicken Breast Family Pack,Meat,12.75,17,1.3333333333333333,12,0,0,29,2.2745098039215685
102,warehouse_2,229050,Chicken Breast Tray,Meat,18.0,26,1.4444444444444444,0,0,0,26,1.4444444444444444
102,warehouse_2,229060,Atlantic Salmon 2pk,Meat,10.75,23,2.13953488372093,0,0,0,23,2.13953488372093
102,warehouse_2,229070,Salmon Fillet Pack,Meat,6.5,20,3.076923076923077,0,0,0,20,3.076923076923077
102,warehouse_2,330112,Whole Milk Gallon,Dairy,25.5,32,1.2549019607843137,0,0,0,32,1.2549019607843137
102,warehouse_2,330118,Greek Yogurt 12ct,Dairy,15.25,22,1.4426229508196722,0,0,0,22,1.4426229508196722
102,warehouse_2,330120,Butter Quarters 4pk,Dairy,37.75,37,0.9801324503311258,0,0,0,37,0.9801324503311258
102,warehouse_2,330130,Shredded Cheese 2lb,Dairy,17.25,44,2.550724637681159,0,0,0,44,2.550724637681159
102,warehouse_2,441201,Copy Paper 5-Ream,Office,8.25,45,5.454545454545454,0,0,0,45,5.454545454545454
102,warehouse_2,441210,Ballpoint Pens 60ct,Office,5.0,38,7.6,0,0,0,38,7.6
102,warehouse_2,441220,Sticky Notes Value,Office,6.5,0,0.0,0,15,0,15,2.3076923076923075
102,warehouse_2,441230,Binder Clips Assort,Office,7.25,24,3.310344827586207,0,0,0,24,3.310344827586207
102,warehouse_2,445880,Laundry Detergent 2pk,Household,13.25,37,2.792452830188679,0,0,0,37,2.792452830188679
102,warehouse_2,445890,Dryer Sheets 240ct,Household,13.75,19,1.3818181818181818,0,0,0,19,1.3818181818181818
102,warehouse_2,551902,Rotisserie Chicken,Deli,29.25,30,1.0256410256410255,30,0,0,60,2.051282051282051
102,warehouse_2,551910,Macaroni Salad Tub,Deli,30.0,15,0.5,0,0,0,15,0.5
102,warehouse_2,551920,Turkey Club Sandwich,Deli,21.5,26,1.2093023255813953,0,0,0,26,1.2093023255813953
102,warehouse_2,551930,Potato Salad Tub,Deli,32.0,0,0.0,0,0,0,0,0.0
102,warehouse_2,667301,Diapers Size 4,Baby,21.5,11,0.5116279069767442,0,0,0,11,0.5116279069767442
102,warehouse_2,667310,Baby Wipes Soft Pack,Baby,12.75,26,2.0392156862745097,0,0,0,26,2.0392156862745097
102,warehouse_2,667320,Infant Formula Can,Baby,21.5,24,1.1162790697674418,0,0,0,24,1.1162790697674418
102,warehouse_2,667330,Toddler Snacks Box,Baby,16.75,0,0.0,0,0,0,0,0.0
102,warehouse_2,774015,AA Batteries 48ct,GM,8.75,16,1.8285714285714285,0,0,0,16,1.8285714285714285
102,warehouse_2,774020,HDMI Cable 2-Pack,GM,7.75,42,5.419354838709677,0,0,0,42,5.419354838709677
102,warehouse_2,774030,Phone Charger Kit,GM,6.75,46,6.814814814814815,0,0,0,46,6.814814814814815
102,warehouse_2,774040,LED Bulbs 8pk,GM,6.25,32,5.12,0,0,0,32,5.12
102,warehouse_2,990101,Bananas Club Bunch,Produce,30.75,21,0.6829268292682927,0,0,0,21,0.6829268292682927
102,warehouse_2,990110,Bag Bag 5lb,Produce,14.5,15,1.0344827586206897,12,0,0,27,1.8620689655172413
102,warehouse_2,990120,Romaine Hearts 3pk,Produce,16.25,38,2.3384615384615386,0,0,0,38,2.3384615384615386
102,warehouse_2,990130,Blueberries Pint,Produce,33.0,9,0.2727272727272727,12,0,0,21,0.6363636363636364
103,warehouse_3,118634,Bottled Water 40pk,Grocery,28.0,19,0.6785714285714286,12,0,0,31,1.1071428571428572
103,warehouse_3,118640,Sparkling Water 24pk,Grocery,20.25,36,1.7777777777777777,0,0,0,36,1.7777777777777777
103,warehouse_3,118655,Trail Mix Value Pack,Grocery,22.25,40,1.797752808988764,0,0,0,40,1.797752808988764
103,warehouse_3,118670,Pasta Sauce Twin Pack,Grocery,17.5,21,1.2,6,0,0,27,1.542857142857143
103,warehouse_3,118680,Olive Oil 2L,Grocery,15.75,11,0.6984126984126984,18,0,0,29,1.8412698412698412
103,warehouse_3,118690,Coffee Pods 100ct,Grocery,16.75,49,2.925373134328358,0,0,0,49,2.925373134328358
103,warehouse_3,184220,Paper Towels 12pk,Household,20.0,33,1.65,0,0,0,33,1.65
103,warehouse_3,184230,Toilet Paper 30ct,Household,25.5,7,0.27450980392156865,0,0,0,7,0.27450980392156865
103,warehouse_3,184240,Disinfecting Wipes 3pk,Household,20.75,37,1.783132530120482,4,0,0,41,1.9759036144578312
103,warehouse_3,184250,Trash Bags 100ct,Household,8.5,42,4.9411764705882355,0,0,0,42,4.9411764705882355
103,warehouse_3,229045,Chicken Breast Family Pack,Meat,11.75,39,3.3191489361702127,0,0,0,39,3.3191489361702127
103,warehouse_3,229050,Chicken Breast Tray,Meat,15.5,24,1.5483870967741935,0,0,0,24,1.5483870967741935
103,warehouse_3,229060,Atlantic Salmon 2pk,Meat,13.75,16,1.1636363636363636,0,0,0,16,1.1636363636363636
103,warehouse_3,229070,Salmon Fillet Pack,Meat,8.0,36,4.5,0,0,0,36,4.5
103,warehouse_3,330112,Whole Milk Gallon,Dairy,24.5,16,0.6530612244897959,0,0,0,16,0.6530612244897959
103,warehouse_3,330118,Greek Yogurt 12ct,Dairy,16.5,43,2.606060606060606,0,0,0,43,2.606060606060606
103,warehouse_3,330120,Butter Quarters 4pk,Dairy,33.5,19,0.5671641791044776,0,0,0,19,0.5671641791044776
103,warehouse_3,330130,Shredded Cheese 2lb,Dairy,18.0,40,2.2222222222222223,0,0,0,40,2.2222222222222223
103,warehouse_3,441201,Copy Paper 5-Ream,Office,10.5,26,2.4761904761904763,0,0,0,26,2.4761904761904763
103,warehouse_3,441210,Ballpoint Pens 60ct,Office,5.75,31,5.391304347826087,0,0,0,31,5.391304347826087
103,warehouse_3,441220,Sticky Notes Value,Office,11.0,39,3.5454545454545454,0,0,0,39,3.5454545454545454
103,warehouse_3,441230,Binder Clips Assort,Office,7.0,29,4.142857142857143,0,0,0,29,4.142857142857143
103,warehouse_3,445880,Laundry Detergent 2pk,Household,9.0,16,1.7777777777777777,0,0,0,16,1.7777777777777777
103,warehouse_3,445890,Dryer Sheets 240ct,Household,14.5,0,0.0,0,0,0,0,0.0
103,warehouse_3,551902,Rotisserie Chicken,Deli,21.0,40,1.9047619047619047,0,0,0,40,1.9047619047619047
103,warehouse_3,551910,Macaroni Salad Tub,Deli,29.25,26,0.8888888888888888,0,0,0,26,0.8888888888888888
103,warehouse_3,551920,Turkey Club Sandwich,Deli,17.25,13,0.7536231884057971,0,0,0,13,0.7536231884057971
103,warehouse_3,551930,Potato Salad Tub,Deli,28.75,22,0.7652173913043478,0,0,0,22,0.7652173913043478
103,warehouse_3,667301,Diapers Size 4,Baby,12.5,24,1.92,0,0,0,24,1.92
103,warehouse_3,667310,Baby Wipes Soft Pack,Baby,6.25,40,6.4,0,0,0,40,6.4
103,warehouse_3,667320,Infant Formula Can,Baby,13.75,11,0.8,0,0,0,11,0.8
103,warehouse_3,667330,Toddler Snacks Box,Baby,18.0,31,1.7222222222222223,0,0,0,31,1.7222222222222223
103,warehouse_3,774015,AA Batteries 48ct,GM,15.5,13,0.8387096774193549,0,0,0,13,0.8387096774193549
103,warehouse_3,774020,HDMI Cable 2-Pack,GM,12.75,17,1.3333333333333333,0,0,0,17,1.3333333333333333
103,warehouse_3,774030,Phone Charger Kit,GM,11.5,22,1.9130434782608696,0,0,0,22,1.9130434782608696
103,warehouse_3,774040,LED Bulbs 8pk,GM,13.5,27,2.0,0,0,0,27,2.0
103,warehouse_3,990101,Bananas Club Bunch,Produce,26.75,24,0.897196261682243,0,0,0,24,0.897196261682243
103,warehouse_3,990110,Bag Bag 5lb,Produce,17.5,45,2.5714285714285716,0,0,0,45,2.5714285714285716
103,warehouse_3,990120,Romaine Hearts 3pk,Produce,16.5,25,1.5151515151515151,0,0,0,25,1.5151515151515151
103,warehouse_3,990130,Blueberries Pint,Produce,33.25,27,0.8120300751879699,6,0,0,33,0.9924812030075187
