week_start,site_id,cases_shipped
2024-09-23,901,405809
2024-09-30,901,425136
2024-10-07,901,409000
2024-10-14,901,396520
2024-10-21,901,408010
2024-10-28,901,421897
2024-11-04,901,442319
2024-11-11,901,467080
2024-11-18,901,488618
2024-11-25,901,487210
2024-12-02,901,501253
2024-12-09,901,488666
2024-12-16,901,474173
2024-12-23,901,463012
2024-12-30,901,454615
2025-01-06,901,406925
2025-01-13,901,425461
2025-01-20,901,405963
2025-01-27,901,419399
2025-02-03,901,411892
2025-02-10,901,407502
2025-02-17,901,425122
2025-02-24,901,432302
2025-03-03,901,436933
2025-03-10,901,413767
2025-03-17,901,424126
2025-03-24,901,412860
2025-03-31,901,420844
2025-04-07,901,435478
2025-04-14,901,420234
2025-04-21,901,427920
2025-04-28,901,426840
2025-05-05,901,430359
2025-05-12,901,420036
2025-05-19,901,414108
2025-05-26,901,424292
2025-06-02,901,438211
2025-06-09,901,423441
2025-06-16,901,454702
2025-06-23,901,445165
2025-06-30,901,471313
2025-07-07,901,476067
2025-07-14,901,467061
2025-07-21,901,435070
2025-07-28,901,434655
2025-08-04,901,436080
2025-08-11,901,431929
2025-08-18,901,423585
2025-08-25,901,447888
2025-09-01,901,431306
2025-09-08,901,438149
2025-09-15,901,448014
2025-09-22,901,441370
2025-09-29,901,421843
2025-10-06,901,434715
2025-10-13,901,441525
2025-10-20,901,437195
2025-10-27,901,443563
2025-11-03,901,441215
2025-11-10,901,463348
2025-11-17,901,476797
2025-11-24,901,530660
2025-12-01,901,513237
2025-12-08,901,548564
2025-12-15,901,531718
2025-12-22,901,511323
2025-12-29,901,476496
2026-01-05,901,453089
2026-01-12,901,452444
2026-01-19,901,445471
2026-01-26,901,429317
2026-02-02,901,436210
2026-02-09,901,438415
2026-02-16,901,451696
2026-02-23,901,459552
2026-03-02,901,444875
2026-03-09,901,452595
2026-03-16,901,453966
2026-03-23,901,443840
2026-03-30,901,462093
2026-04-06,901,432531
2026-04-13,901,438307
2026-04-20,901,464025
2026-04-27,901,433309
2026-05-04,901,453107
2026-05-11,901,457281
2026-05-18,901,439382
2026-05-25,901,457293
2026-06-01,901,451920
2026-06-08,901,446610
2026-06-15,901,471811
2026-06-22,901,502527
2026-06-29,901,499316
2026-07-06,901,498712
2026-07-13,901,500370
2026-07-20,901,499020
2026-07-27,901,455212
2026-08-03,901,462684
2026-08-10,901,472256
2026-08-17,901,465651
2026-08-24,901,458569
2026-08-31,901,451715
2026-09-07,901,445410
2026-09-14,901,447425
