month_start,site_id,kwh,cases_shipped
2024-10-01,901,418614,1635427
2024-11-01,901,436011,1885227
2024-12-01,901,465477,2381719
2025-01-01,901,416325,1657748
2025-02-01,901,425919,1676818
2025-03-01,901,445709,2108530
2025-04-01,901,413072,1710472
2025-05-01,901,411543,1688795
2025-06-01,901,441145,2232832
2025-07-01,901,425831,1812853
2025-08-01,901,424646,1739482
2025-09-01,901,377345,2180682
2025-10-01,901,349719,1756998
2025-11-01,901,369406,1912020
2025-12-01,901,403861,2581338
2026-01-01,901,365367,1780321
2026-02-01,901,361120,1785873
2026-03-01,901,393018,2257369
2026-04-01,901,363685,1768172
2026-05-01,901,356624,1807063
2026-06-01,901,388010,2372184
2026-07-01,901,358711,1953314
2026-08-01,901,390852,2310875
