wo_id,asset_id,work_type,scheduled_date,reported_date,completed_date,pm_status,problem_code,cause_code,remedy_code,downtime_hours,labor_hours,parts_cost
WO000001,DC4-001,PM,2025-09-24,2025-09-24,2025-09-24,ON TIME,,,,0.6,1.27,67.51
WO000002,DC4-001,PM,2025-10-24,2025-10-24,2025-10-27,ON TIME,,,,1.3,1.46,23.78
WO000003,DC4-001,PM,2025-11-23,2025-11-23,2025-11-26,ON TIME,,,,0.7,1.13,35.59
WO000004,DC4-001,PM,2025-12-23,2025-12-23,2025-12-25,ON TIME,,,,0.7,0.9,42.43
WO000005,DC4-001,PM,2026-01-22,2026-01-22,2026-01-22,ON TIME,,,,1.4,1.33,48.81
WO000006,DC4-001,PM,2026-02-21,2026-02-21,2026-02-23,ON TIME,,,,0.7,1.57,84.79
WO000007,DC4-001,PM,2026-03-23,2026-03-23,2026-03-23,ON TIME,,,,1.1,1.44,61.63
WO000008,DC4-001,PM,2026-04-22,2026-04-22,2026-04-22,ON TIME,,,,1.0,1.94,31.63
WO000009,DC4-001,PM,2026-05-22,2026-05-22,2026-05-24,ON TIME,,,,1.5,1.94,47.95
WO000010,DC4-001,PM,2026-06-21,2026-06-21,2026-06-21,ON TIME,,,,1.1,1.23,29.67
WO000011,DC4-001,PM,2026-07-21,2026-07-21,2026-07-24,ON TIME,,,,1.2,1.47,71.27
WO000012,DC4-001,PM,2026-08-20,2026-08-20,2026-08-21,ON TIME,,,,0.6,1.23,51.28
WO000013,DC4-001,PM,2026-09-19,2026-09-19,2026-09-20,ON TIME,,,,1.2,1.95,47.6
WO000014,DC4-001,CM,,2025-10-25,2025-10-26,,BATTERY,CELL WEAR,REPLACE,5.8,3.64,939.76
WO000015,DC4-001,CM,,2026-06-19,2026-06-19,,ELECTRICAL,CONNECTOR,REPAIR,6.4,5.99,290.58
WO000016,DC4-002,PM,2025-10-08,2025-10-08,2025-10-09,ON TIME,,,,0.8,0.92,37.34
WO000017,DC4-002,PM,2025-11-07,2025-11-07,2025-11-09,ON TIME,,,,0.8,1.3,75.81
WO000018,DC4-002,PM,2025-12-07,2025-12-07,2025-12-07,ON TIME,,,,1.4,0.92,79.64
WO000019,DC4-002,PM,2026-01-06,2026-01-06,,SKIPPED,,,,0,0,0
WO000020,DC4-002,PM,2026-02-05,2026-02-05,2026-02-07,ON TIME,,,,0.7,1.85,86.82
WO000021,DC4-002,PM,2026-03-07,2026-03-07,2026-03-10,ON TIME,,,,0.6,1.15,34.94
WO000022,DC4-002,PM,2026-04-06,2026-04-06,2026-04-08,ON TIME,,,,1.3,1.87,42.55
WO000023,DC4-002,PM,2026-05-06,2026-05-06,2026-05-06,ON TIME,,,,1.0,1.13,33.29
WO000024,DC4-002,PM,2026-06-05,2026-06-05,2026-06-08,ON TIME,,,,0.9,1.81,48.27
WO000025,DC4-002,PM,2026-07-05,2026-07-05,2026-07-06,ON TIME,,,,1.2,1.38,58.8
WO000026,DC4-002,PM,2026-08-04,2026-08-04,2026-08-04,ON TIME,,,,0.7,1.6,18.06
WO000027,DC4-002,PM,2026-09-03,2026-09-03,2026-09-03,ON TIME,,,,0.9,1.16,26.43
WO000028,DC4-002,CM,,2026-01-22,2026-01-23,,HYDRAULIC,HOSE WEAR,REPAIR,2.3,3.77,550.54
WO000029,DC4-002,CM,,2026-02-09,2026-02-11,,BATTERY,CELL WEAR,REPLACE,3.3,2.87,1024.9
WO000030,DC4-002,CM,,2026-04-19,2026-04-20,,MAST,CHAIN WEAR,ADJUST,9.4,4.85,73.84
WO000031,DC4-003,PM,2025-10-17,2025-10-17,2025-10-19,ON TIME,,,,1.2,1.64,46.24
WO000032,DC4-003,PM,2025-11-16,2025-11-16,2025-11-18,ON TIME,,,,1.1,0.87,46.97
WO000033,DC4-003,PM,2025-12-16,2025-12-16,2025-12-17,ON TIME,,,,0.6,1.07,53.88
WO000034,DC4-003,PM,2026-01-15,2026-01-15,2026-01-15,ON TIME,,,,0.9,1.99,71.3
WO000035,DC4-003,PM,2026-02-14,2026-02-14,2026-02-15,ON TIME,,,,0.7,1.16,40.32
WO000036,DC4-003,PM,2026-03-16,2026-03-16,2026-03-19,ON TIME,,,,1.1,1.15,38.67
WO000037,DC4-003,PM,2026-04-15,2026-04-15,2026-04-16,ON TIME,,,,1.3,1.23,17.09
WO000038,DC4-003,PM,2026-05-15,2026-05-15,2026-05-15,ON TIME,,,,1.2,1.89,86.78
WO000039,DC4-003,PM,2026-06-14,2026-06-14,2026-06-15,ON TIME,,,,0.6,0.78,80.02
WO000040,DC4-003,PM,2026-07-14,2026-07-14,2026-07-16,ON TIME,,,,1.4,1.45,57.35
WO000041,DC4-003,PM,2026-08-13,2026-08-13,2026-08-13,ON TIME,,,,1.0,0.83,80.4
WO000042,DC4-003,PM,2026-09-12,2026-09-12,2026-09-13,ON TIME,,,,1.2,1.07,67.92
WO000043,DC4-003,CM,,2025-10-15,2025-10-15,,ELECTRICAL,WIRING,REPAIR,7.5,5.15,346.99
WO000044,DC4-003,CM,,2025-10-16,2025-10-17,,BATTERY,CELL WEAR,REPLACE,3.5,5.4,1354.17
WO000045,DC4-003,CM,,2025-10-31,2025-10-31,,TIRES,DEBRIS,REPLACE,7.1,1.8,753.11
WO000046,DC4-003,CM,,2025-11-04,2025-11-06,,BATTERY,WATERING,REPLACE,6.4,5.79,1827.85
WO000047,DC4-003,CM,,2025-11-11,2025-11-11,,BATTERY,WATERING,REPLACE,3.6,2.26,887.67
WO000048,DC4-003,CM,,2025-11-18,2025-11-19,,TIRES,TREAD WEAR,REPLACE,7.7,2.85,1232.42
WO000049,DC4-003,CM,,2026-03-05,2026-03-06,,BATTERY,WATERING,REPLACE,3.4,5.54,1869.25
WO000050,DC4-003,CM,,2026-07-03,2026-07-04,,TIRES,TREAD WEAR,REPLACE,3.3,2.14,663.81
WO000051,DC4-003,CM,,2026-07-20,2026-07-21,,MAST,ROLLER WEAR,ADJUST,3.2,3.42,53.19
WO000052,DC4-003,CM,,2026-08-26,2026-08-28,,ELECTRICAL,WIRING,REPAIR,4.3,1.05,331.29
WO000053,DC4-003,CM,,2026-09-02,2026-09-03,,HYDRAULIC,SEAL LEAK,REPAIR,7.7,5.08,448.5
WO000054,DC4-004,PM,2025-10-06,2025-10-06,2025-10-16,LATE,,,,0.9,1.21,20.11
WO000055,DC4-004,PM,2025-11-05,2025-11-05,2025-11-08,ON TIME,,,,1.4,0.89,63.64
WO000056,DC4-004,PM,2025-12-05,2025-12-05,2025-12-05,ON TIME,,,,1.1,1.47,40.22
WO000057,DC4-004,PM,2026-01-04,2026-01-04,,SKIPPED,,,,0,0,0
WO000058,DC4-004,PM,2026-02-03,2026-02-03,2026-02-04,ON TIME,,,,1.0,1.26,48.53
WO000059,DC4-004,PM,2026-03-05,2026-03-05,2026-03-05,ON TIME,,,,1.3,0.87,57.93
WO000060,DC4-004,PM,2026-04-04,2026-04-04,2026-04-06,ON TIME,,,,0.8,0.83,44.91
WO000061,DC4-004,PM,2026-05-04,2026-05-04,2026-05-07,ON TIME,,,,1.4,0.84,20.53
WO000062,DC4-004,PM,2026-06-03,2026-06-03,2026-06-05,ON TIME,,,,1.3,1.77,69.19
WO000063,DC4-004,PM,2026-07-03,2026-07-03,,SKIPPED,,,,0,0,0
WO000064,DC4-004,PM,2026-08-02,2026-08-02,2026-08-02,ON TIME,,,,0.9,1.77,25.9
WO000065,DC4-004,PM,2026-09-01,2026-09-01,2026-09-01,ON TIME,,,,0.7,1.31,58.03
WO000066,DC4-004,CM,,2025-10-09,2025-10-11,,ELECTRICAL,CONNECTOR,REPAIR,5.8,4.24,871.3
WO000067,DC4-004,CM,,2025-10-20,2025-10-22,,BATTERY,CHARGING,REPLACE,4.1,5.88,1870.03
WO000068,DC4-004,CM,,2026-01-17,2026-01-19,,ELECTRICAL,CONNECTOR,REPAIR,4.4,1.3,121.73
WO000069,DC4-004,CM,,2026-04-23,2026-04-25,,ELECTRICAL,WIRING,REPAIR,10.0,3.82,402.0
WO000070,DC4-004,CM,,2026-06-22,2026-06-22,,BATTERY,CHARGING,REPLACE,2.2,4.22,2257.74
WO000071,DC4-004,CM,,2026-08-05,2026-08-06,,ELECTRICAL,WIRING,REPAIR,5.5,5.59,228.28
WO000072,DC4-004,CM,,2026-08-27,2026-08-27,,TIRES,TREAD WEAR,REPLACE,8.2,4.35,1780.24
WO000073,DC4-004,CM,,2026-09-08,2026-09-10,,MAST,ROLLER WEAR,ADJUST,7.8,4.32,126.9
WO000074,DC4-005,PM,2025-10-18,2025-10-18,2025-10-29,LATE,,,,0.8,1.02,51.21
WO000075,DC4-005,PM,2025-11-17,2025-11-17,2025-11-19,ON TIME,,,,1.5,0.94,51.27
WO000076,DC4-005,PM,2025-12-17,2025-12-17,2025-12-17,ON TIME,,,,1.2,1.12,36.73
WO000077,DC4-005,PM,2026-01-16,2026-01-16,2026-01-19,ON TIME,,,,1.3,1.72,63.39
WO000078,DC4-005,PM,2026-02-15,2026-02-15,2026-02-24,LATE,,,,1.0,1.17,39.62
WO000079,DC4-005,PM,2026-03-17,2026-03-17,,SKIPPED,,,,0,0,0
WO000080,DC4-005,PM,2026-04-16,2026-04-16,2026-04-17,ON TIME,,,,0.5,1.96,57.5
WO000081,DC4-005,PM,2026-05-16,2026-05-16,2026-05-16,ON TIME,,,,1.2,1.2,48.87
WO000082,DC4-005,PM,2026-06-15,2026-06-15,,SKIPPED,,,,0,0,0
WO000083,DC4-005,PM,2026-07-15,2026-07-15,2026-07-17,ON TIME,,,,1.4,0.94,50.32
WO000084,DC4-005,PM,2026-08-14,2026-08-14,2026-08-22,LATE,,,,0.5,1.45,46.13
WO000085,DC4-005,PM,2026-09-13,2026-09-13,,OPEN,,,,0,0,0
WO000086,DC4-005,CM,,2026-03-12,2026-03-13,,TIRES,DEBRIS,REPLACE,7.0,2.27,1961.01
WO000087,DC4-005,CM,,2026-04-28,2026-04-30,,HYDRAULIC,HOSE WEAR,REPAIR,4.9,2.85,762.89
WO000088,DC4-005,CM,,2026-08-27,2026-08-27,,BATTERY,CELL WEAR,REPLACE,2.8,1.43,1808.33
WO000089,DC4-006,PM,2025-10-07,2025-10-07,2025-10-10,ON TIME,,,,0.9,1.99,62.63
WO000090,DC4-006,PM,2025-11-06,2025-11-06,2025-11-21,LATE,,,,1.1,0.87,61.96
WO000091,DC4-006,PM,2025-12-06,2025-12-06,2025-12-06,ON TIME,,,,1.1,1.66,41.1
WO000092,DC4-006,PM,2026-01-05,2026-01-05,2026-01-06,ON TIME,,,,1.2,1.89,88.32
WO000093,DC4-006,PM,2026-02-04,2026-02-04,2026-02-04,ON TIME,,,,1.5,1.15,38.67
WO000094,DC4-006,PM,2026-03-06,2026-03-06,2026-03-18,LATE,,,,0.7,1.81,31.21
WO000095,DC4-006,PM,2026-04-05,2026-04-05,2026-04-05,ON TIME,,,,1.2,1.27,74.01
WO000096,DC4-006,PM,2026-05-05,2026-05-05,2026-05-05,ON TIME,,,,1.3,1.22,31.06
WO000097,DC4-006,PM,2026-06-04,2026-06-04,2026-06-05,ON TIME,,,,1.1,1.64,75.3
WO000098,DC4-006,PM,2026-07-04,2026-07-04,2026-07-12,LATE,,,,1.4,0.86,67.1
WO000099,DC4-006,PM,2026-08-03,2026-08-03,,SKIPPED,,,,0,0,0
WO000100,DC4-006,PM,2026-09-02,2026-09-02,2026-09-15,LATE,,,,1.1,0.89,50.52
WO000101,DC4-006,CM,,2025-11-08,2025-11-08,,HYDRAULIC,SEAL LEAK,REPAIR,3.2,4.06,149.72
WO000102,DC4-006,CM,,2026-03-30,2026-03-31,,BATTERY,CELL WEAR,REPLACE,6.2,4.72,1177.95
WO000103,DC4-006,CM,,2026-04-02,2026-04-02,,BATTERY,WATERING,REPLACE,7.5,3.65,1897.39
WO000104,DC4-006,CM,,2026-04-24,2026-04-25,,BATTERY,WATERING,REPLACE,4.3,4.18,1782.97
WO000105,DC4-006,CM,,2026-04-30,2026-04-30,,MAST,ROLLER WEAR,ADJUST,7.6,2.94,52.67
WO000106,DC4-006,CM,,2026-07-05,2026-07-06,,BATTERY,WATERING,REPLACE,3.4,1.09,834.6
WO000107,DC4-006,CM,,2026-07-16,2026-07-18,,TIRES,DEBRIS,REPLACE,5.2,4.46,1248.64
WO000108,DC4-006,CM,,2026-07-29,2026-07-31,,TIRES,TREAD WEAR,REPLACE,3.7,4.94,2355.65
WO000109,DC4-006,CM,,2026-09-13,2026-09-13,,ELECTRICAL,CONNECTOR,REPAIR,9.7,4.4,716.62
WO000110,DC4-007,PM,2025-10-01,2025-10-01,2025-10-01,ON TIME,,,,1.4,0.8,40.73
WO000111,DC4-007,PM,2025-10-31,2025-10-31,2025-11-02,ON TIME,,,,0.6,1.37,42.0
WO000112,DC4-007,PM,2025-11-30,2025-11-30,2025-12-19,LATE,,,,0.6,0.83,18.88
WO000113,DC4-007,PM,2025-12-30,2025-12-30,2026-01-16,LATE,,,,0.7,0.77,26.99
WO000114,DC4-007,PM,2026-01-29,2026-01-29,,SKIPPED,,,,0,0,0
WO000115,DC4-007,PM,2026-02-28,2026-02-28,2026-03-03,ON TIME,,,,0.8,1.76,70.2
WO000116,DC4-007,PM,2026-03-30,2026-03-30,2026-04-02,ON TIME,,,,0.7,1.09,26.77
WO000117,DC4-007,PM,2026-04-29,2026-04-29,,SKIPPED,,,,0,0,0
WO000118,DC4-007,PM,2026-05-29,2026-05-29,2026-05-30,ON TIME,,,,0.8,1.65,43.01
WO000119,DC4-007,PM,2026-06-28,2026-06-28,2026-06-28,ON TIME,,,,1.1,1.95,40.62
WO000120,DC4-007,PM,2026-07-28,2026-07-28,2026-07-28,ON TIME,,,,1.0,0.83,33.83
WO000121,DC4-007,PM,2026-08-27,2026-08-27,2026-08-30,ON TIME,,,,0.7,1.23,17.08
WO000122,DC4-007,CM,,2025-11-01,2025-11-01,,BATTERY,CHARGING,REPLACE,9.2,1.92,1075.2
WO000123,DC4-007,CM,,2026-02-22,2026-02-23,,HYDRAULIC,SEAL LEAK,REPAIR,8.0,4.15,410.79
WO000124,DC4-007,CM,,2026-05-07,2026-05-08,,TIRES,TREAD WEAR,REPLACE,4.7,3.54,482.59
WO000125,DC4-008,PM,2025-10-02,2025-10-02,2025-10-05,ON TIME,,,,1.0,1.37,28.12
WO000126,DC4-008,PM,2025-11-01,2025-11-01,2025-11-03,ON TIME,,,,1.1,1.41,51.08
WO000127,DC4-008,PM,2025-12-01,2025-12-01,2025-12-04,ON TIME,,,,1.4,1.73,23.99
WO000128,DC4-008,PM,2025-12-31,2025-12-31,2025-12-31,ON TIME,,,,1.4,1.04,22.67
WO000129,DC4-008,PM,2026-01-30,2026-01-30,2026-02-01,ON TIME,,,,0.7,1.04,88.28
WO000130,DC4-008,PM,2026-03-01,2026-03-01,2026-03-03,ON TIME,,,,1.3,1.47,23.91
WO000131,DC4-008,PM,2026-03-31,2026-03-31,2026-04-02,ON TIME,,,,1.5,1.05,42.53
WO000132,DC4-008,PM,2026-04-30,2026-04-30,2026-04-30,ON TIME,,,,1.3,1.08,18.93
WO000133,DC4-008,PM,2026-05-30,2026-05-30,2026-06-02,ON TIME,,,,0.8,1.68,85.93
WO000134,DC4-008,PM,2026-06-29,2026-06-29,2026-07-01,ON TIME,,,,0.9,1.22,21.63
WO000135,DC4-008,PM,2026-07-29,2026-07-29,2026-07-31,ON TIME,,,,0.9,1.21,39.23
WO000136,DC4-008,PM,2026-08-28,2026-08-28,2026-08-30,ON TIME,,,,1.0,1.1,48.16
WO000137,DC4-008,CM,,2025-10-31,2025-11-02,,BATTERY,WATERING,REPLACE,6.2,2.75,1114.37
WO000138,DC4-008,CM,,2025-12-05,2025-12-06,,BATTERY,WATERING,REPLACE,2.1,4.59,1208.23
WO000139,DC4-008,CM,,2026-03-02,2026-03-03,,MAST,CHAIN WEAR,ADJUST,6.8,3.17,126.35
WO000140,DC4-008,CM,,2026-03-24,2026-03-24,,HYDRAULIC,HOSE WEAR,REPAIR,4.6,3.42,648.2
WO000141,DC4-008,CM,,2026-04-09,2026-04-09,,BATTERY,WATERING,REPLACE,5.6,4.37,529.48
WO000142,DC4-008,CM,,2026-05-23,2026-05-24,,ELECTRICAL,WIRING,REPAIR,3.4,4.13,606.97
WO000143,DC4-008,CM,,2026-05-26,2026-05-26,,HYDRAULIC,HOSE WEAR,REPAIR,4.8,5.61,203.02
WO000144,DC4-009,PM,2025-09-24,2025-09-24,2025-09-27,ON TIME,,,,1.0,1.93,81.5
WO000145,DC4-009,PM,2025-10-24,2025-10-24,2025-10-24,ON TIME,,,,0.5,1.66,66.36
WO000146,DC4-009,PM,2025-11-23,2025-11-23,2025-11-23,ON TIME,,,,1.0,1.11,47.33
WO000147,DC4-009,PM,2025-12-23,2025-12-23,,SKIPPED,,,,0,0,0
WO000148,DC4-009,PM,2026-01-22,2026-01-22,2026-01-23,ON TIME,,,,1.4,1.88,28.5
WO000149,DC4-009,PM,2026-02-21,2026-02-21,,SKIPPED,,,,0,0,0
WO000150,DC4-009,PM,2026-03-23,2026-03-23,2026-04-03,LATE,,,,1.0,1.21,15.57
WO000151,DC4-009,PM,2026-04-22,2026-04-22,2026-04-23,ON TIME,,,,0.6,1.2,87.98
WO000152,DC4-009,PM,2026-05-22,2026-05-22,2026-05-25,ON TIME,,,,0.7,1.33,31.59
WO000153,DC4-009,PM,2026-06-21,2026-06-21,2026-06-21,ON TIME,,,,1.4,1.97,80.79
WO000154,DC4-009,PM,2026-07-21,2026-07-21,2026-07-21,ON TIME,,,,1.3,1.39,29.11
WO000155,DC4-009,PM,2026-08-20,2026-08-20,2026-08-21,ON TIME,,,,0.6,1.54,24.24
WO000156,DC4-009,PM,2026-09-19,2026-09-19,2026-09-20,ON TIME,,,,1.3,1.51,58.33
WO000157,DC4-009,CM,,2025-10-07,2025-10-09,,BATTERY,CELL WEAR,REPLACE,2.4,1.67,2162.15
WO000158,DC4-009,CM,,2026-01-06,2026-01-06,,BATTERY,CELL WEAR,REPLACE,2.7,5.33,2047.5
WO000159,DC4-009,CM,,2026-03-29,2026-03-30,,BATTERY,WATERING,REPLACE,8.8,4.55,1017.23
WO000160,DC4-009,CM,,2026-03-31,2026-04-01,,BATTERY,CHARGING,REPLACE,9.3,1.27,2353.42
WO000161,DC4-009,CM,,2026-04-10,2026-04-11,,MAST,CHAIN WEAR,ADJUST,4.1,3.06,130.91
WO000162,DC4-009,CM,,2026-07-27,2026-07-27,,BATTERY,CELL WEAR,REPLACE,9.6,4.46,895.64
WO000163,DC4-009,CM,,2026-08-10,2026-08-10,,BATTERY,CHARGING,REPLACE,3.1,3.48,2219.92
WO000164,DC4-009,CM,,2026-08-16,2026-08-17,,TIRES,TREAD WEAR,REPLACE,5.3,5.21,1706.43
WO000165,DC4-010,PM,2025-10-19,2025-10-19,2025-10-20,ON TIME,,,,0.9,1.81,52.37
WO000166,DC4-010,PM,2025-11-18,2025-11-18,,SKIPPED,,,,0,0,0
WO000167,DC4-010,PM,2025-12-18,2025-12-18,2026-01-03,LATE,,,,1.2,1.47,36.46
WO000168,DC4-010,PM,2026-01-17,2026-01-17,2026-01-30,LATE,,,,1.1,1.38,38.59
WO000169,DC4-010,PM,2026-02-16,2026-02-16,2026-02-16,ON TIME,,,,1.5,1.55,39.78
WO000170,DC4-010,PM,2026-03-18,2026-03-18,2026-03-18,ON TIME,,,,0.8,0.8,47.6
WO000171,DC4-010,PM,2026-04-17,2026-04-17,2026-04-18,ON TIME,,,,0.6,1.14,52.35
WO000172,DC4-010,PM,2026-05-17,2026-05-17,2026-05-19,ON TIME,,,,1.1,1.81,39.45
WO000173,DC4-010,PM,2026-06-16,2026-06-16,,SKIPPED,,,,0,0,0
WO000174,DC4-010,PM,2026-07-16,2026-07-16,,SKIPPED,,,,0,0,0
WO000175,DC4-010,PM,2026-08-15,2026-08-15,2026-08-18,ON TIME,,,,0.7,1.19,38.66
WO000176,DC4-010,PM,2026-09-14,2026-09-14,2026-09-14,ON TIME,,,,1.3,1.89,56.94
WO000177,DC4-010,CM,,2026-01-04,2026-01-05,,HYDRAULIC,HOSE WEAR,REPAIR,8.7,1.36,649.53
WO000178,DC4-010,CM,,2026-04-26,2026-04-26,,BATTERY,CHARGING,REPLACE,4.1,3.51,1347.61
WO000179,DC4-010,CM,,2026-06-08,2026-06-08,,HYDRAULIC,SEAL LEAK,REPAIR,4.8,3.1,123.16
WO000180,DC4-010,CM,,2026-07-24,2026-07-26,,BATTERY,WATERING,REPLACE,2.9,4.53,2279.17
WO000181,DC4-010,CM,,2026-08-13,2026-08-13,,BATTERY,WATERING,REPLACE,2.1,4.79,2150.5
WO000182,DC4-011,PM,2025-10-07,2025-10-07,2025-10-09,ON TIME,,,,1.5,1.09,87.17
WO000183,DC4-011,PM,2025-11-06,2025-11-06,2025-11-09,ON TIME,,,,0.8,1.48,61.68
WO000184,DC4-011,PM,2025-12-06,2025-12-06,2025-12-09,ON TIME,,,,0.7,0.91,49.79
WO000185,DC4-011,PM,2026-01-05,2026-01-05,2026-01-08,ON TIME,,,,1.4,1.26,70.83
WO000186,DC4-011,PM,2026-02-04,2026-02-04,2026-02-06,ON TIME,,,,1.3,1.43,61.53
WO000187,DC4-011,PM,2026-03-06,2026-03-06,2026-03-08,ON TIME,,,,1.1,0.86,32.45
WO000188,DC4-011,PM,2026-04-05,2026-04-05,2026-04-07,ON TIME,,,,0.9,1.35,18.18
WO000189,DC4-011,PM,2026-05-05,2026-05-05,2026-05-05,ON TIME,,,,0.9,1.65,81.94
WO000190,DC4-011,PM,2026-06-04,2026-06-04,2026-06-13,LATE,,,,0.8,1.39,80.33
WO000191,DC4-011,PM,2026-07-04,2026-07-04,2026-07-04,ON TIME,,,,1.3,1.93,79.16
WO000192,DC4-011,PM,2026-08-03,2026-08-03,2026-08-12,LATE,,,,0.9,1.27,42.11
WO000193,DC4-011,PM,2026-09-02,2026-09-02,2026-09-16,LATE,,,,1.2,1.66,62.03
WO000194,DC4-011,CM,,2025-09-28,2025-09-29,,HYDRAULIC,SEAL LEAK,REPAIR,7.8,1.15,176.13
WO000195,DC4-011,CM,,2026-03-15,2026-03-15,,MAST,ROLLER WEAR,ADJUST,5.0,1.12,122.99
WO000196,DC4-011,CM,,2026-03-16,2026-03-17,,MAST,ROLLER WEAR,ADJUST,7.8,3.94,142.78
WO000197,DC4-011,CM,,2026-04-01,2026-04-03,,TIRES,DEBRIS,REPLACE,6.0,1.28,1926.9
WO000198,DC4-011,CM,,2026-04-18,2026-04-18,,TIRES,TREAD WEAR,REPLACE,2.2,1.1,751.43
WO000199,DC4-011,CM,,2026-08-30,2026-08-31,,BATTERY,WATERING,REPLACE,3.7,3.53,1081.04
WO000200,DC4-012,PM,2025-10-02,2025-10-02,2025-10-05,ON TIME,,,,0.6,1.92,32.84
WO000201,DC4-012,PM,2025-11-01,2025-11-01,2025-11-04,ON TIME,,,,0.5,1.87,83.51
WO000202,DC4-012,PM,2025-12-01,2025-12-01,2025-12-04,ON TIME,,,,0.7,1.86,56.21
WO000203,DC4-012,PM,2025-12-31,2025-12-31,2025-12-31,ON TIME,,,,1.1,0.93,19.01
WO000204,DC4-012,PM,2026-01-30,2026-01-30,2026-01-31,ON TIME,,,,1.5,1.99,45.72
WO000205,DC4-012,PM,2026-03-01,2026-03-01,2026-03-01,ON TIME,,,,1.1,1.26,28.28
WO000206,DC4-012,PM,2026-03-31,2026-03-31,2026-03-31,ON TIME,,,,1.0,0.93,42.24
WO000207,DC4-012,PM,2026-04-30,2026-04-30,2026-05-01,ON TIME,,,,0.7,1.06,77.13
WO000208,DC4-012,PM,2026-05-30,2026-05-30,2026-05-30,ON TIME,,,,0.7,1.7,26.8
WO000209,DC4-012,PM,2026-06-29,2026-06-29,2026-06-29,ON TIME,,,,0.7,1.23,58.22
WO000210,DC4-012,PM,2026-07-29,2026-07-29,2026-07-29,ON TIME,,,,0.8,1.37,70.01
WO000211,DC4-012,PM,2026-08-28,2026-08-28,2026-08-28,ON TIME,,,,1.4,0.89,50.88
WO000212,DC4-012,CM,,2025-09-29,2025-10-01,,BATTERY,CHARGING,REPLACE,4.9,1.64,1422.46
WO000213,DC4-012,CM,,2025-10-11,2025-10-12,,BATTERY,CELL WEAR,REPLACE,7.7,4.14,1229.27
WO000214,DC4-012,CM,,2025-11-22,2025-11-23,,BATTERY,CHARGING,REPLACE,8.2,2.6,1576.17
WO000215,DC4-012,CM,,2026-04-07,2026-04-08,,HYDRAULIC,HOSE WEAR,REPAIR,9.5,2.74,361.14
WO000216,DC4-012,CM,,2026-05-23,2026-05-23,,TIRES,DEBRIS,REPLACE,4.0,4.41,965.73
WO000217,DC4-012,CM,,2026-08-01,2026-08-03,,BATTERY,WATERING,REPLACE,6.3,4.85,1053.54
WO000218,DC4-013,PM,2025-10-19,2025-10-19,2025-10-21,ON TIME,,,,0.8,1.99,80.51
WO000219,DC4-013,PM,2025-11-18,2025-11-18,2025-12-03,LATE,,,,0.7,1.48,44.61
WO000220,DC4-013,PM,2025-12-18,2025-12-18,2025-12-18,ON TIME,,,,0.7,1.93,73.51
WO000221,DC4-013,PM,2026-01-17,2026-01-17,2026-01-19,ON TIME,,,,0.6,1.38,37.14
WO000222,DC4-013,PM,2026-02-16,2026-02-16,2026-02-19,ON TIME,,,,1.5,1.88,20.3
WO000223,DC4-013,PM,2026-03-18,2026-03-18,2026-03-18,ON TIME,,,,1.3,1.58,19.13
WO000224,DC4-013,PM,2026-04-17,2026-04-17,2026-04-19,ON TIME,,,,0.7,1.88,65.54
WO000225,DC4-013,PM,2026-05-17,2026-05-17,2026-06-03,LATE,,,,1.5,1.46,86.0
WO000226,DC4-013,PM,2026-06-16,2026-06-16,2026-06-17,ON TIME,,,,1.4,1.79,78.08
WO000227,DC4-013,PM,2026-07-16,2026-07-16,2026-07-17,ON TIME,,,,0.5,1.36,52.66
WO000228,DC4-013,PM,2026-08-15,2026-08-15,2026-08-16,ON TIME,,,,1.2,1.14,86.11
WO000229,DC4-013,PM,2026-09-14,2026-09-14,2026-09-16,ON TIME,,,,1.1,1.65,46.02
WO000230,DC4-013,CM,,2025-11-28,2025-11-29,,BATTERY,CHARGING,REPLACE,2.1,5.85,2231.74
WO000231,DC4-013,CM,,2026-01-01,2026-01-01,,ELECTRICAL,WIRING,REPAIR,5.3,3.92,488.49
WO000232,DC4-013,CM,,2026-01-25,2026-01-27,,MAST,CHAIN WEAR,ADJUST,4.5,5.75,22.44
WO000233,DC4-013,CM,,2026-01-31,2026-02-01,,BATTERY,CHARGING,REPLACE,9.9,5.34,714.78
WO000234,DC4-013,CM,,2026-03-16,2026-03-18,,BATTERY,CHARGING,REPLACE,9.9,1.51,521.46
WO000235,DC4-013,CM,,2026-05-05,2026-05-07,,BATTERY,CELL WEAR,REPLACE,5.7,5.43,2362.48
WO000236,DC4-013,CM,,2026-05-22,2026-05-22,,BATTERY,CELL WEAR,REPLACE,4.3,1.77,679.08
WO000237,DC4-014,PM,2025-10-09,2025-10-09,2025-10-10,ON TIME,,,,0.7,0.94,86.29
WO000238,DC4-014,PM,2025-11-08,2025-11-08,2025-11-09,ON TIME,,,,0.9,1.18,72.12
WO000239,DC4-014,PM,2025-12-08,2025-12-08,2025-12-11,ON TIME,,,,1.1,0.99,83.42
WO000240,DC4-014,PM,2026-01-07,2026-01-07,2026-01-09,ON TIME,,,,1.0,1.27,35.1
WO000241,DC4-014,PM,2026-02-06,2026-02-06,2026-02-09,ON TIME,,,,1.1,1.09,54.51
WO000242,DC4-014,PM,2026-03-08,2026-03-08,2026-03-11,ON TIME,,,,0.8,1.32,70.29
WO000243,DC4-014,PM,2026-04-07,2026-04-07,2026-04-09,ON TIME,,,,1.0,1.18,26.2
WO000244,DC4-014,PM,2026-05-07,2026-05-07,2026-05-08,ON TIME,,,,0.8,1.48,28.21
WO000245,DC4-014,PM,2026-06-06,2026-06-06,2026-06-09,ON TIME,,,,0.5,0.97,64.36
WO000246,DC4-014,PM,2026-07-06,2026-07-06,2026-07-08,ON TIME,,,,0.9,1.43,67.81
WO000247,DC4-014,PM,2026-08-05,2026-08-05,2026-08-05,ON TIME,,,,0.7,1.46,26.49
WO000248,DC4-014,PM,2026-09-04,2026-09-04,2026-09-06,ON TIME,,,,1.2,1.09,43.57
WO000249,DC4-014,CM,,2025-10-05,2025-10-06,,HYDRAULIC,SEAL LEAK,REPAIR,3.4,5.25,627.31
WO000250,DC4-014,CM,,2025-10-16,2025-10-18,,HYDRAULIC,SEAL LEAK,REPAIR,6.6,5.1,833.84
WO000251,DC4-014,CM,,2025-12-28,2025-12-28,,MAST,ROLLER WEAR,ADJUST,5.7,2.06,59.48
WO000252,DC4-015,PM,2025-10-21,2025-10-21,,SKIPPED,,,,0,0,0
WO000253,DC4-015,PM,2025-11-20,2025-11-20,2025-11-23,ON TIME,,,,0.9,0.93,50.88
WO000254,DC4-015,PM,2025-12-20,2025-12-20,2025-12-20,ON TIME,,,,1.1,1.19,37.04
WO000255,DC4-015,PM,2026-01-19,2026-01-19,2026-01-21,ON TIME,,,,0.9,1.06,19.97
WO000256,DC4-015,PM,2026-02-18,2026-02-18,2026-02-19,ON TIME,,,,1.0,1.56,89.71
WO000257,DC4-015,PM,2026-03-20,2026-03-20,2026-03-21,ON TIME,,,,0.6,1.38,16.14
WO000258,DC4-015,PM,2026-04-19,2026-04-19,2026-04-21,ON TIME,,,,1.3,1.07,57.0
WO000259,DC4-015,PM,2026-05-19,2026-05-19,2026-05-30,LATE,,,,0.7,1.26,62.63
WO000260,DC4-015,PM,2026-06-18,2026-06-18,2026-06-19,ON TIME,,,,0.5,1.18,53.96
WO000261,DC4-015,PM,2026-07-18,2026-07-18,2026-07-20,ON TIME,,,,1.4,0.94,31.33
WO000262,DC4-015,PM,2026-08-17,2026-08-17,2026-08-19,ON TIME,,,,0.5,0.92,39.91
WO000263,DC4-015,PM,2026-09-16,2026-09-16,2026-09-19,ON TIME,,,,0.8,0.86,47.17
WO000264,DC4-015,CM,,2025-11-03,2025-11-04,,HYDRAULIC,HOSE WEAR,REPAIR,12.8,1.08,178.09
WO000265,DC4-015,CM,,2025-12-24,2025-12-24,,ELECTRICAL,CONNECTOR,REPAIR,15.1,4.01,840.02
WO000266,DC4-015,CM,,2026-01-31,2026-02-01,,BATTERY,CELL WEAR,REPLACE,14.2,4.77,421.18
WO000267,DC4-015,CM,,2026-02-08,2026-02-08,,TIRES,DEBRIS,REPLACE,9.5,2.45,1180.23
WO000268,DC4-015,CM,,2026-03-26,2026-03-28,,ELECTRICAL,CONNECTOR,REPAIR,3.5,1.74,836.17
WO000269,DC4-015,CM,,2026-06-11,2026-06-12,,HYDRAULIC,HOSE WEAR,REPAIR,15.7,4.27,313.92
WO000270,DC4-016,PM,2025-09-26,2025-09-26,2025-09-29,ON TIME,,,,1.4,0.77,39.76
WO000271,DC4-016,PM,2025-10-26,2025-10-26,,SKIPPED,,,,0,0,0
WO000272,DC4-016,PM,2025-11-25,2025-11-25,2025-11-27,ON TIME,,,,1.0,1.81,89.9
WO000273,DC4-016,PM,2025-12-25,2025-12-25,2025-12-27,ON TIME,,,,0.9,0.89,19.25
WO000274,DC4-016,PM,2026-01-24,2026-01-24,2026-01-26,ON TIME,,,,1.2,1.19,47.4
WO000275,DC4-016,PM,2026-02-23,2026-02-23,,SKIPPED,,,,0,0,0
WO000276,DC4-016,PM,2026-03-25,2026-03-25,2026-03-27,ON TIME,,,,0.6,1.6,38.84
WO000277,DC4-016,PM,2026-04-24,2026-04-24,2026-04-26,ON TIME,,,,1.1,0.92,74.71
WO000278,DC4-016,PM,2026-05-24,2026-05-24,2026-05-25,ON TIME,,,,1.2,1.84,20.47
WO000279,DC4-016,PM,2026-06-23,2026-06-23,2026-06-25,ON TIME,,,,0.9,1.18,62.41
WO000280,DC4-016,PM,2026-07-23,2026-07-23,2026-07-26,ON TIME,,,,0.7,1.47,87.51
WO000281,DC4-016,PM,2026-08-22,2026-08-22,2026-08-25,ON TIME,,,,1.3,0.84,49.11
WO000282,DC4-016,PM,2026-09-21,2026-09-21,2026-09-21,ON TIME,,,,0.7,1.43,37.03
WO000283,DC4-016,CM,,2025-11-07,2025-11-07,,ELECTRICAL,WIRING,REPAIR,12.6,5.75,630.33
WO000284,DC4-016,CM,,2025-11-12,2025-11-12,,HYDRAULIC,SEAL LEAK,REPAIR,10.0,4.34,339.48
WO000285,DC4-016,CM,,2026-01-18,2026-01-18,,HYDRAULIC,SEAL LEAK,REPAIR,5.5,2.19,446.59
WO000286,DC4-016,CM,,2026-04-24,2026-04-26,,TIRES,DEBRIS,REPLACE,14.4,1.04,955.07
WO000287,DC4-017,PM,2025-10-20,2025-10-20,2025-10-23,ON TIME,,,,1.2,1.03,40.41
WO000288,DC4-017,PM,2025-11-19,2025-11-19,2025-11-20,ON TIME,,,,1.1,0.88,83.39
WO000289,DC4-017,PM,2025-12-19,2025-12-19,,SKIPPED,,,,0,0,0
WO000290,DC4-017,PM,2026-01-18,2026-01-18,2026-01-18,ON TIME,,,,1.3,1.87,60.88
WO000291,DC4-017,PM,2026-02-17,2026-02-17,,SKIPPED,,,,0,0,0
WO000292,DC4-017,PM,2026-03-19,2026-03-19,2026-03-21,ON TIME,,,,1.0,0.85,17.76
WO000293,DC4-017,PM,2026-04-18,2026-04-18,2026-04-20,ON TIME,,,,1.5,0.81,41.7
WO000294,DC4-017,PM,2026-05-18,2026-05-18,2026-05-20,ON TIME,,,,0.6,1.88,71.32
WO000295,DC4-017,PM,2026-06-17,2026-06-17,,SKIPPED,,,,0,0,0
WO000296,DC4-017,PM,2026-07-17,2026-07-17,,SKIPPED,,,,0,0,0
WO000297,DC4-017,PM,2026-08-16,2026-08-16,2026-08-18,ON TIME,,,,0.7,0.87,20.29
WO000298,DC4-017,PM,2026-09-15,2026-09-15,2026-09-15,ON TIME,,,,0.6,1.17,18.11
WO000299,DC4-017,CM,,2025-12-19,2025-12-21,,ELECTRICAL,WIRING,REPAIR,5.0,5.73,844.25
WO000300,DC4-017,CM,,2026-04-13,2026-04-14,,TIRES,TREAD WEAR,REPLACE,7.3,3.88,874.76
WO000301,DC4-017,CM,,2026-06-02,2026-06-03,,BATTERY,CELL WEAR,REPLACE,9.8,5.17,737.32
WO000302,DC4-017,CM,,2026-07-24,2026-07-24,,ELECTRICAL,CONNECTOR,REPAIR,11.3,4.12,435.2
WO000303,DC4-017,CM,,2026-08-01,2026-08-03,,TIRES,TREAD WEAR,REPLACE,13.6,5.61,498.76
WO000304,DC4-017,CM,,2026-08-02,2026-08-02,,ELECTRICAL,CONNECTOR,REPAIR,13.1,2.04,676.13
WO000305,DC4-018,PM,2025-09-29,2025-09-29,2025-10-01,ON TIME,,,,1.2,1.34,46.86
WO000306,DC4-018,PM,2025-10-29,2025-10-29,2025-11-01,ON TIME,,,,1.4,0.89,25.04
WO000307,DC4-018,PM,2025-11-28,2025-11-28,2025-11-28,ON TIME,,,,1.3,1.97,26.63
WO000308,DC4-018,PM,2025-12-28,2025-12-28,2026-01-08,LATE,,,,1.1,0.82,28.57
WO000309,DC4-018,PM,2026-01-27,2026-01-27,2026-01-30,ON TIME,,,,0.6,1.84,81.63
WO000310,DC4-018,PM,2026-02-26,2026-02-26,2026-02-28,ON TIME,,,,0.6,1.47,31.13
WO000311,DC4-018,PM,2026-03-28,2026-03-28,2026-03-29,ON TIME,,,,0.8,1.61,87.09
WO000312,DC4-018,PM,2026-04-27,2026-04-27,,SKIPPED,,,,0,0,0
WO000313,DC4-018,PM,2026-05-27,2026-05-27,2026-05-29,ON TIME,,,,0.9,1.12,86.1
WO000314,DC4-018,PM,2026-06-26,2026-06-26,2026-06-28,ON TIME,,,,0.5,1.98,24.44
WO000315,DC4-018,PM,2026-07-26,2026-07-26,2026-07-26,ON TIME,,,,1.5,0.99,65.73
WO000316,DC4-018,PM,2026-08-25,2026-08-25,2026-08-28,ON TIME,,,,0.7,0.9,87.37
WO000317,DC4-018,CM,,2025-10-30,2025-11-01,,ELECTRICAL,WIRING,REPAIR,12.9,1.19,230.78
WO000318,DC4-018,CM,,2025-11-11,2025-11-12,,TIRES,DEBRIS,REPLACE,14.3,1.73,1008.68
WO000319,DC4-018,CM,,2026-03-19,2026-03-19,,BATTERY,CHARGING,REPLACE,16.0,3.61,1206.02
WO000320,DC4-018,CM,,2026-05-03,2026-05-04,,BRAKES,PAD WEAR,ADJUST,11.2,5.65,138.41
WO000321,DC4-019,PM,2025-09-23,2025-09-23,2025-10-06,LATE,,,,0.8,1.99,36.05
WO000322,DC4-019,PM,2025-10-23,2025-10-23,2025-10-24,ON TIME,,,,0.6,0.95,50.9
WO000323,DC4-019,PM,2025-11-22,2025-11-22,2025-11-24,ON TIME,,,,0.5,1.66,76.7
WO000324,DC4-019,PM,2025-12-22,2025-12-22,2026-01-09,LATE,,,,0.7,1.55,65.17
WO000325,DC4-019,PM,2026-01-21,2026-01-21,,SKIPPED,,,,0,0,0
WO000326,DC4-019,PM,2026-02-20,2026-02-20,2026-02-22,ON TIME,,,,1.0,0.89,62.1
WO000327,DC4-019,PM,2026-03-22,2026-03-22,2026-04-07,LATE,,,,1.4,1.09,33.35
WO000328,DC4-019,PM,2026-04-21,2026-04-21,2026-04-24,ON TIME,,,,1.0,1.73,79.09
WO000329,DC4-019,PM,2026-05-21,2026-05-21,2026-05-22,ON TIME,,,,0.6,1.08,38.35
WO000330,DC4-019,PM,2026-06-20,2026-06-20,,SKIPPED,,,,0,0,0
WO000331,DC4-019,PM,2026-07-20,2026-07-20,2026-07-23,ON TIME,,,,0.7,1.67,25.36
WO000332,DC4-019,PM,2026-08-19,2026-08-19,2026-08-22,ON TIME,,,,1.5,1.9,81.76
WO000333,DC4-019,PM,2026-09-18,2026-09-18,2026-09-18,ON TIME,,,,1.4,1.98,58.67
WO000334,DC4-019,CM,,2025-10-05,2025-10-06,,BRAKES,ADJUSTMENT,ADJUST,6.1,1.65,76.38
WO000335,DC4-019,CM,,2025-12-15,2025-12-17,,BRAKES,PAD WEAR,ADJUST,7.9,2.22,149.32
WO000336,DC4-019,CM,,2026-01-09,2026-01-09,,TIRES,TREAD WEAR,REPLACE,7.1,1.42,806.66
WO000337,DC4-019,CM,,2026-03-18,2026-03-20,,BATTERY,CHARGING,REPLACE,5.9,2.74,1198.53
WO000338,DC4-019,CM,,2026-04-03,2026-04-05,,ELECTRICAL,WIRING,REPAIR,11.9,4.21,518.62
WO000339,DC4-019,CM,,2026-06-26,2026-06-26,,BATTERY,WATERING,REPLACE,9.7,1.08,2293.32
WO000340,DC4-019,CM,,2026-07-08,2026-07-10,,BRAKES,ADJUSTMENT,ADJUST,3.7,1.95,72.71
WO000341,DC4-019,CM,,2026-07-10,2026-07-12,,BATTERY,CHARGING,REPLACE,3.4,5.8,1403.24
WO000342,DC4-019,CM,,2026-07-13,2026-07-14,,TIRES,DEBRIS,REPLACE,12.2,1.07,1517.33
WO000343,DC4-019,CM,,2026-08-06,2026-08-08,,TIRES,TREAD WEAR,REPLACE,5.8,1.2,1524.22
WO000344,DC4-019,CM,,2026-08-20,2026-08-22,,BRAKES,PAD WEAR,ADJUST,13.9,3.24,134.04
WO000345,DC4-020,PM,2025-10-15,2025-10-15,2025-10-18,ON TIME,,,,0.5,1.38,29.4
WO000346,DC4-020,PM,2025-11-14,2025-11-14,2025-11-14,ON TIME,,,,0.9,1.55,43.33
WO000347,DC4-020,PM,2025-12-14,2025-12-14,,SKIPPED,,,,0,0,0
WO000348,DC4-020,PM,2026-01-13,2026-01-13,2026-01-16,ON TIME,,,,1.2,1.52,19.81
WO000349,DC4-020,PM,2026-02-12,2026-02-12,2026-02-15,ON TIME,,,,0.6,1.06,36.54
WO000350,DC4-020,PM,2026-03-14,2026-03-14,2026-03-14,ON TIME,,,,0.7,0.94,47.8
WO000351,DC4-020,PM,2026-04-13,2026-04-13,2026-04-15,ON TIME,,,,1.1,1.28,83.97
WO000352,DC4-020,PM,2026-05-13,2026-05-13,2026-05-16,ON TIME,,,,1.3,1.77,55.52
WO000353,DC4-020,PM,2026-06-12,2026-06-12,2026-06-14,ON TIME,,,,1.5,1.08,73.69
WO000354,DC4-020,PM,2026-07-12,2026-07-12,2026-07-13,ON TIME,,,,1.3,1.96,77.26
WO000355,DC4-020,PM,2026-08-11,2026-08-11,2026-08-13,ON TIME,,,,0.5,1.51,34.93
WO000356,DC4-020,PM,2026-09-10,2026-09-10,2026-09-13,ON TIME,,,,1.4,1.77,21.63
WO000357,DC4-020,CM,,2026-01-22,2026-01-23,,ELECTRICAL,WIRING,REPAIR,7.8,4.38,739.37
WO000358,DC4-020,CM,,2026-02-12,2026-02-13,,BATTERY,CELL WEAR,REPLACE,10.4,2.14,1797.64
WO000359,DC4-020,CM,,2026-04-28,2026-04-28,,TIRES,DEBRIS,REPLACE,9.2,5.48,432.15
WO000360,DC4-020,CM,,2026-09-17,2026-09-17,,BATTERY,WATERING,REPLACE,3.7,5.68,1725.06
WO000361,DC4-021,PM,2025-09-24,2025-09-24,2025-09-24,ON TIME,,,,0.7,1.13,32.5
WO000362,DC4-021,PM,2025-10-24,2025-10-24,2025-10-24,ON TIME,,,,1.4,0.97,16.96
WO000363,DC4-021,PM,2025-11-23,2025-11-23,2025-11-24,ON TIME,,,,1.4,1.7,62.37
WO000364,DC4-021,PM,2025-12-23,2025-12-23,2025-12-25,ON TIME,,,,0.6,1.87,78.88
WO000365,DC4-021,PM,2026-01-22,2026-01-22,,SKIPPED,,,,0,0,0
WO000366,DC4-021,PM,2026-02-21,2026-02-21,2026-03-08,LATE,,,,0.9,0.78,36.4
WO000367,DC4-021,PM,2026-03-23,2026-03-23,2026-04-01,LATE,,,,0.7,1.9,29.06
WO000368,DC4-021,PM,2026-04-22,2026-04-22,2026-04-23,ON TIME,,,,0.7,1.42,56.8
WO000369,DC4-021,PM,2026-05-22,2026-05-22,2026-05-25,ON TIME,,,,1.3,1.01,44.8
WO000370,DC4-021,PM,2026-06-21,2026-06-21,2026-06-23,ON TIME,,,,0.6,1.38,30.77
WO000371,DC4-021,PM,2026-07-21,2026-07-21,2026-07-23,ON TIME,,,,1.1,1.24,49.88
WO000372,DC4-021,PM,2026-08-20,2026-08-20,2026-08-23,ON TIME,,,,0.7,1.99,40.17
WO000373,DC4-021,PM,2026-09-19,2026-09-19,2026-09-20,ON TIME,,,,0.8,0.75,85.0
WO000374,DC4-021,CM,,2025-10-03,2025-10-03,,BATTERY,WATERING,REPLACE,3.9,2.88,2203.82
WO000375,DC4-021,CM,,2025-12-22,2025-12-23,,HYDRAULIC,SEAL LEAK,REPAIR,12.6,4.86,859.32
WO000376,DC4-021,CM,,2026-02-27,2026-02-27,,ELECTRICAL,WIRING,REPAIR,11.1,2.49,208.63
WO000377,DC4-022,PM,2025-10-07,2025-10-07,2025-10-07,ON TIME,,,,1.2,0.98,19.16
WO000378,DC4-022,PM,2025-11-06,2025-11-06,2025-11-06,ON TIME,,,,1.5,0.86,69.17
WO000379,DC4-022,PM,2025-12-06,2025-12-06,,SKIPPED,,,,0,0,0
WO000380,DC4-022,PM,2026-01-05,2026-01-05,2026-01-05,ON TIME,,,,0.6,1.8,77.56
WO000381,DC4-022,PM,2026-02-04,2026-02-04,2026-02-22,LATE,,,,0.8,0.95,23.5
WO000382,DC4-022,PM,2026-03-06,2026-03-06,2026-03-08,ON TIME,,,,1.4,1.81,37.55
WO000383,DC4-022,PM,2026-04-05,2026-04-05,,SKIPPED,,,,0,0,0
WO000384,DC4-022,PM,2026-05-05,2026-05-05,,SKIPPED,,,,0,0,0
WO000385,DC4-022,PM,2026-06-04,2026-06-04,2026-06-05,ON TIME,,,,0.7,1.99,44.08
WO000386,DC4-022,PM,2026-07-04,2026-07-04,2026-07-05,ON TIME,,,,1.3,1.43,49.69
WO000387,DC4-022,PM,2026-08-03,2026-08-03,2026-08-03,ON TIME,,,,1.0,1.27,53.58
WO000388,DC4-022,PM,2026-09-02,2026-09-02,2026-09-02,ON TIME,,,,0.7,1.84,83.21
WO000389,DC4-022,CM,,2025-10-19,2025-10-21,,TIRES,TREAD WEAR,REPLACE,6.3,3.69,1033.1
WO000390,DC4-022,CM,,2026-02-28,2026-03-01,,BATTERY,CELL WEAR,REPLACE,7.0,1.23,1992.08
WO000391,DC4-023,PM,2025-09-29,2025-09-29,2025-10-02,ON TIME,,,,1.3,1.14,72.47
WO000392,DC4-023,PM,2025-10-29,2025-10-29,,SKIPPED,,,,0,0,0
WO000393,DC4-023,PM,2025-11-28,2025-11-28,,SKIPPED,,,,0,0,0
WO000394,DC4-023,PM,2025-12-28,2025-12-28,2025-12-28,ON TIME,,,,1.1,1.26,52.83
WO000395,DC4-023,PM,2026-01-27,2026-01-27,,SKIPPED,,,,0,0,0
WO000396,DC4-023,PM,2026-02-26,2026-02-26,,SKIPPED,,,,0,0,0
WO000397,DC4-023,PM,2026-03-28,2026-03-28,2026-03-30,ON TIME,,,,1.4,1.21,83.31
WO000398,DC4-023,PM,2026-04-27,2026-04-27,2026-04-28,ON TIME,,,,1.4,1.81,40.31
WO000399,DC4-023,PM,2026-05-27,2026-05-27,2026-05-29,ON TIME,,,,1.0,1.43,69.47
WO000400,DC4-023,PM,2026-06-26,2026-06-26,2026-06-29,ON TIME,,,,1.2,1.86,50.58
WO000401,DC4-023,PM,2026-07-26,2026-07-26,2026-07-26,ON TIME,,,,1.3,1.54,60.11
WO000402,DC4-023,PM,2026-08-25,2026-08-25,2026-08-25,ON TIME,,,,1.2,1.85,79.57
WO000403,DC4-023,CM,,2025-11-12,2025-11-12,,ELECTRICAL,WIRING,REPAIR,15.6,3.94,690.55
WO000404,DC4-023,CM,,2026-01-18,2026-01-18,,TIRES,TREAD WEAR,REPLACE,5.2,5.67,1955.45
WO000405,DC4-023,CM,,2026-02-17,2026-02-17,,HYDRAULIC,SEAL LEAK,REPAIR,6.5,4.59,712.06
WO000406,DC4-023,CM,,2026-05-31,2026-06-01,,BRAKES,ADJUSTMENT,ADJUST,14.7,1.94,123.74
WO000407,DC4-024,PM,2025-09-30,2025-09-30,2025-09-30,ON TIME,,,,1.4,1.12,34.05
WO000408,DC4-024,PM,2025-10-30,2025-10-30,2025-10-31,ON TIME,,,,1.3,1.94,25.43
WO000409,DC4-024,PM,2025-11-29,2025-11-29,,SKIPPED,,,,0,0,0
WO000410,DC4-024,PM,2025-12-29,2025-12-29,,SKIPPED,,,,0,0,0
WO000411,DC4-024,PM,2026-01-28,2026-01-28,2026-02-13,LATE,,,,0.6,0.76,49.59
WO000412,DC4-024,PM,2026-02-27,2026-02-27,2026-03-01,ON TIME,,,,1.1,1.32,54.59
WO000413,DC4-024,PM,2026-03-29,2026-03-29,2026-03-30,ON TIME,,,,1.3,1.83,33.87
WO000414,DC4-024,PM,2026-04-28,2026-04-28,2026-05-01,ON TIME,,,,1.3,1.75,73.12
WO000415,DC4-024,PM,2026-05-28,2026-05-28,2026-05-29,ON TIME,,,,1.0,1.68,68.34
WO000416,DC4-024,PM,2026-06-27,2026-06-27,2026-06-29,ON TIME,,,,1.0,0.85,89.3
WO000417,DC4-024,PM,2026-07-27,2026-07-27,2026-08-08,LATE,,,,0.6,1.91,46.06
WO000418,DC4-024,PM,2026-08-26,2026-08-26,2026-08-26,ON TIME,,,,0.9,1.04,28.47
WO000419,DC4-024,CM,,2025-12-23,2025-12-24,,TIRES,DEBRIS,REPLACE,8.3,3.06,1678.61
WO000420,DC4-024,CM,,2026-01-03,2026-01-05,,HYDRAULIC,SEAL LEAK,REPAIR,8.9,1.68,210.9
WO000421,DC4-024,CM,,2026-01-13,2026-01-13,,TIRES,DEBRIS,REPLACE,13.3,5.46,1432.4
WO000422,DC4-024,CM,,2026-02-02,2026-02-02,,BATTERY,CHARGING,REPLACE,10.4,2.17,582.84
WO000423,DC4-024,CM,,2026-02-25,2026-02-25,,BATTERY,CELL WEAR,REPLACE,11.6,3.59,1974.99
WO000424,DC4-024,CM,,2026-02-26,2026-02-26,,HYDRAULIC,HOSE WEAR,REPAIR,16.0,4.17,421.33
WO000425,DC4-024,CM,,2026-05-15,2026-05-16,,ELECTRICAL,WIRING,REPAIR,12.8,5.83,201.83
WO000426,DC4-024,CM,,2026-06-28,2026-06-30,,BRAKES,ADJUSTMENT,ADJUST,3.3,2.25,60.94
WO000427,DC4-024,CM,,2026-08-15,2026-08-15,,TIRES,TREAD WEAR,REPLACE,11.2,3.41,584.89
WO000428,DC4-025,PM,2025-09-22,2025-09-22,2025-09-22,ON TIME,,,,0.5,1.42,59.19
WO000429,DC4-025,PM,2025-10-22,2025-10-22,2025-10-24,ON TIME,,,,1.0,1.91,32.26
WO000430,DC4-025,PM,2025-11-21,2025-11-21,,SKIPPED,,,,0,0,0
WO000431,DC4-025,PM,2025-12-21,2025-12-21,2025-12-22,ON TIME,,,,0.5,1.27,47.43
WO000432,DC4-025,PM,2026-01-20,2026-01-20,2026-02-07,LATE,,,,1.4,1.34,88.85
WO000433,DC4-025,PM,2026-02-19,2026-02-19,2026-02-21,ON TIME,,,,0.5,0.97,76.37
WO000434,DC4-025,PM,2026-03-21,2026-03-21,,SKIPPED,,,,0,0,0
WO000435,DC4-025,PM,2026-04-20,2026-04-20,,SKIPPED,,,,0,0,0
WO000436,DC4-025,PM,2026-05-20,2026-05-20,2026-05-20,ON TIME,,,,0.9,1.6,70.32
WO000437,DC4-025,PM,2026-06-19,2026-06-19,,SKIPPED,,,,0,0,0
WO000438,DC4-025,PM,2026-07-19,2026-07-19,2026-07-22,ON TIME,,,,0.8,1.98,23.4
WO000439,DC4-025,PM,2026-08-18,2026-08-18,2026-08-20,ON TIME,,,,1.1,1.4,80.82
WO000440,DC4-025,PM,2026-09-17,2026-09-17,2026-09-19,ON TIME,,,,1.0,1.11,47.79
WO000441,DC4-026,PM,2025-09-26,2025-09-26,2025-09-27,ON TIME,,,,0.5,1.51,32.41
WO000442,DC4-026,PM,2025-10-26,2025-10-26,2025-10-27,ON TIME,,,,1.4,1.21,58.6
WO000443,DC4-026,PM,2025-11-25,2025-11-25,2025-11-25,ON TIME,,,,1.0,1.6,46.27
WO000444,DC4-026,PM,2025-12-25,2025-12-25,2025-12-25,ON TIME,,,,0.9,1.41,85.1
WO000445,DC4-026,PM,2026-01-24,2026-01-24,2026-01-26,ON TIME,,,,1.1,1.24,76.47
WO000446,DC4-026,PM,2026-02-23,2026-02-23,2026-02-23,ON TIME,,,,1.1,1.79,71.55
WO000447,DC4-026,PM,2026-03-25,2026-03-25,2026-03-27,ON TIME,,,,0.9,1.07,24.72
WO000448,DC4-026,PM,2026-04-24,2026-04-24,2026-04-24,ON TIME,,,,0.5,1.81,41.45
WO000449,DC4-026,PM,2026-05-24,2026-05-24,2026-05-27,ON TIME,,,,0.6,0.96,57.16
WO000450,DC4-026,PM,2026-06-23,2026-06-23,2026-07-09,LATE,,,,0.7,1.89,36.03
WO000451,DC4-026,PM,2026-07-23,2026-07-23,2026-08-07,LATE,,,,0.9,1.51,80.53
WO000452,DC4-026,PM,2026-08-22,2026-08-22,2026-08-24,ON TIME,,,,1.0,1.75,51.43
WO000453,DC4-026,PM,2026-09-21,2026-09-21,,OPEN,,,,0,0,0
WO000454,DC4-026,CM,,2026-01-02,2026-01-02,,ELECTRICAL,WIRING,REPAIR,7.4,4.84,135.87
WO000455,DC4-026,CM,,2026-02-13,2026-02-13,,ELECTRICAL,CONNECTOR,REPAIR,11.9,3.67,197.73
WO000456,DC4-026,CM,,2026-02-26,2026-02-27,,TIRES,TREAD WEAR,REPLACE,13.1,4.33,1816.18
WO000457,DC4-026,CM,,2026-04-05,2026-04-07,,ELECTRICAL,WIRING,REPAIR,12.7,1.18,728.17
WO000458,DC4-026,CM,,2026-05-17,2026-05-18,,ELECTRICAL,CONNECTOR,REPAIR,13.3,3.05,703.13
WO000459,DC4-026,CM,,2026-07-14,2026-07-16,,BATTERY,CHARGING,REPLACE,6.9,3.72,1056.83
WO000460,DC4-027,PM,2025-10-01,2025-10-01,2025-10-01,ON TIME,,,,0.6,1.5,18.45
WO000461,DC4-027,PM,2025-10-31,2025-10-31,2025-11-02,ON TIME,,,,1.4,1.92,41.82
WO000462,DC4-027,PM,2025-11-30,2025-11-30,2025-12-14,LATE,,,,0.7,0.79,31.52
WO000463,DC4-027,PM,2025-12-30,2025-12-30,2026-01-01,ON TIME,,,,1.5,0.87,77.93
WO000464,DC4-027,PM,2026-01-29,2026-01-29,2026-01-31,ON TIME,,,,1.1,1.94,49.09
WO000465,DC4-027,PM,2026-02-28,2026-02-28,2026-03-03,ON TIME,,,,0.9,1.85,87.35
WO000466,DC4-027,PM,2026-03-30,2026-03-30,2026-03-31,ON TIME,,,,0.5,1.82,79.58
WO000467,DC4-027,PM,2026-04-29,2026-04-29,2026-05-02,ON TIME,,,,1.1,1.95,74.59
WO000468,DC4-027,PM,2026-05-29,2026-05-29,2026-06-01,ON TIME,,,,1.2,1.22,36.77
WO000469,DC4-027,PM,2026-06-28,2026-06-28,2026-06-28,ON TIME,,,,0.9,1.26,16.49
WO000470,DC4-027,PM,2026-07-28,2026-07-28,2026-08-16,LATE,,,,0.6,1.38,59.62
WO000471,DC4-027,PM,2026-08-27,2026-08-27,2026-09-16,LATE,,,,1.5,1.86,34.28
WO000472,DC4-027,CM,,2025-10-20,2025-10-21,,BATTERY,CHARGING,REPLACE,9.8,1.58,1192.6
WO000473,DC4-027,CM,,2025-12-01,2025-12-03,,ELECTRICAL,WIRING,REPAIR,13.8,5.75,865.89
WO000474,DC4-027,CM,,2025-12-02,2025-12-04,,BATTERY,WATERING,REPLACE,14.9,3.08,1155.15
WO000475,DC4-027,CM,,2026-01-03,2026-01-03,,TIRES,DEBRIS,REPLACE,15.3,2.47,1466.22
WO000476,DC4-027,CM,,2026-07-31,2026-08-02,,BATTERY,CELL WEAR,REPLACE,4.1,4.6,2311.43
WO000477,DC4-027,CM,,2026-08-21,2026-08-22,,TIRES,DEBRIS,REPLACE,4.0,4.73,2238.68
WO000478,DC4-027,CM,,2026-08-25,2026-08-27,,BATTERY,WATERING,REPLACE,14.0,4.72,1645.51
WO000479,DC4-027,CM,,2026-09-11,2026-09-12,,ELECTRICAL,WIRING,REPAIR,16.0,2.68,264.34
WO000480,DC4-028,PM,2025-09-22,2025-09-22,2025-09-24,ON TIME,,,,0.9,1.51,47.4
WO000481,DC4-028,PM,2025-10-22,2025-10-22,2025-10-23,ON TIME,,,,1.1,1.67,71.25
WO000482,DC4-028,PM,2025-11-21,2025-11-21,2025-11-21,ON TIME,,,,1.1,1.13,78.39
WO000483,DC4-028,PM,2025-12-21,2025-12-21,2025-12-21,ON TIME,,,,1.0,1.93,64.08
WO000484,DC4-028,PM,2026-01-20,2026-01-20,2026-01-20,ON TIME,,,,1.0,0.82,50.29
WO000485,DC4-028,PM,2026-02-19,2026-02-19,,SKIPPED,,,,0,0,0
WO000486,DC4-028,PM,2026-03-21,2026-03-21,2026-03-21,ON TIME,,,,1.1,1.7,51.24
WO000487,DC4-028,PM,2026-04-20,2026-04-20,2026-04-20,ON TIME,,,,0.8,1.67,74.37
WO000488,DC4-028,PM,2026-05-20,2026-05-20,2026-05-21,ON TIME,,,,1.2,1.5,23.47
WO000489,DC4-028,PM,2026-06-19,2026-06-19,2026-06-22,ON TIME,,,,0.7,1.64,73.22
WO000490,DC4-028,PM,2026-07-19,2026-07-19,2026-08-05,LATE,,,,1.0,1.94,48.09
WO000491,DC4-028,PM,2026-08-18,2026-08-18,2026-08-18,ON TIME,,,,0.5,1.11,73.27
WO000492,DC4-028,PM,2026-09-17,2026-09-17,,SKIPPED,,,,0,0,0
WO000493,DC4-028,CM,,2025-10-06,2025-10-06,,TIRES,DEBRIS,REPLACE,3.9,1.76,1705.92
WO000494,DC4-028,CM,,2026-03-09,2026-03-10,,ELECTRICAL,CONNECTOR,REPAIR,4.8,2.38,412.02
WO000495,DC4-029,PM,2025-10-08,2025-10-08,2025-10-11,ON TIME,,,,0.7,0.87,70.97
WO000496,DC4-029,PM,2025-11-07,2025-11-07,2025-11-08,ON TIME,,,,1.4,1.36,33.93
WO000497,DC4-029,PM,2025-12-07,2025-12-07,,SKIPPED,,,,0,0,0
WO000498,DC4-029,PM,2026-01-06,2026-01-06,2026-01-06,ON TIME,,,,0.9,1.6,88.83
WO000499,DC4-029,PM,2026-02-05,2026-02-05,2026-02-07,ON TIME,,,,1.1,1.93,59.62
WO000500,DC4-029,PM,2026-03-07,2026-03-07,2026-03-09,ON TIME,,,,0.6,1.85,37.73
WO000501,DC4-029,PM,2026-04-06,2026-04-06,2026-04-08,ON TIME,,,,1.0,1.5,31.07
WO000502,DC4-029,PM,2026-05-06,2026-05-06,2026-05-07,ON TIME,,,,1.5,0.85,82.13
WO000503,DC4-029,PM,2026-06-05,2026-06-05,2026-06-05,ON TIME,,,,1.1,1.04,87.47
WO000504,DC4-029,PM,2026-07-05,2026-07-05,2026-07-08,ON TIME,,,,1.2,1.07,26.67
WO000505,DC4-029,PM,2026-08-04,2026-08-04,2026-08-05,ON TIME,,,,0.8,1.08,73.35
WO000506,DC4-029,PM,2026-09-03,2026-09-03,2026-09-04,ON TIME,,,,0.9,1.68,42.56
WO000507,DC4-029,CM,,2025-10-19,2025-10-20,,BRAKES,ADJUSTMENT,ADJUST,11.4,4.08,121.04
WO000508,DC4-029,CM,,2026-05-09,2026-05-10,,TIRES,DEBRIS,REPLACE,7.7,3.35,2123.29
WO000509,DC4-030,PM,2025-10-05,2025-10-05,2025-10-08,ON TIME,,,,1.4,1.11,37.16
WO000510,DC4-030,PM,2025-11-04,2025-11-04,2025-11-07,ON TIME,,,,0.6,1.93,28.68
WO000511,DC4-030,PM,2025-12-04,2025-12-04,2025-12-07,ON TIME,,,,0.7,0.91,74.44
WO000512,DC4-030,PM,2026-01-03,2026-01-03,2026-01-04,ON TIME,,,,1.3,0.81,59.77
WO000513,DC4-030,PM,2026-02-02,2026-02-02,2026-02-03,ON TIME,,,,1.1,1.19,34.83
WO000514,DC4-030,PM,2026-03-04,2026-03-04,2026-03-13,LATE,,,,0.9,1.08,52.32
WO000515,DC4-030,PM,2026-04-03,2026-04-03,,SKIPPED,,,,0,0,0
WO000516,DC4-030,PM,2026-05-03,2026-05-03,2026-05-05,ON TIME,,,,0.5,1.92,63.27
WO000517,DC4-030,PM,2026-06-02,2026-06-02,,SKIPPED,,,,0,0,0
WO000518,DC4-030,PM,2026-07-02,2026-07-02,2026-07-02,ON TIME,,,,0.7,0.9,81.13
WO000519,DC4-030,PM,2026-08-01,2026-08-01,,SKIPPED,,,,0,0,0
WO000520,DC4-030,PM,2026-08-31,2026-08-31,2026-08-31,ON TIME,,,,1.3,1.55,53.4
WO000521,DC4-030,CM,,2025-10-22,2025-10-24,,TIRES,DEBRIS,REPLACE,4.2,5.63,931.2
WO000522,DC4-030,CM,,2025-11-28,2025-11-28,,BATTERY,CHARGING,REPLACE,4.9,2.68,1064.64
WO000523,DC4-030,CM,,2026-04-08,2026-04-09,,BATTERY,WATERING,REPLACE,8.6,1.9,434.67
WO000524,DC4-030,CM,,2026-08-29,2026-08-31,,BRAKES,PAD WEAR,ADJUST,6.7,3.29,18.32
WO000525,DC4-031,PM,2025-10-21,2025-10-21,2025-10-22,ON TIME,,,,0.6,1.32,26.51
WO000526,DC4-031,PM,2025-11-20,2025-11-20,2025-11-21,ON TIME,,,,1.3,1.77,80.71
WO000527,DC4-031,PM,2025-12-20,2025-12-20,2025-12-20,ON TIME,,,,0.7,1.56,68.3
WO000528,DC4-031,PM,2026-01-19,2026-01-19,2026-01-21,ON TIME,,,,0.9,0.88,15.15
WO000529,DC4-031,PM,2026-02-18,2026-02-18,2026-02-20,ON TIME,,,,1.4,0.82,57.57
WO000530,DC4-031,PM,2026-03-20,2026-03-20,,SKIPPED,,,,0,0,0
WO000531,DC4-031,PM,2026-04-19,2026-04-19,2026-04-21,ON TIME,,,,1.1,1.11,58.49
WO000532,DC4-031,PM,2026-05-19,2026-05-19,2026-05-22,ON TIME,,,,1.1,0.79,37.93
WO000533,DC4-031,PM,2026-06-18,2026-06-18,2026-06-18,ON TIME,,,,0.6,1.6,71.02
WO000534,DC4-031,PM,2026-07-18,2026-07-18,2026-07-21,ON TIME,,,,1.1,1.52,88.13
WO000535,DC4-031,PM,2026-08-17,2026-08-17,2026-08-17,ON TIME,,,,1.1,1.51,45.06
WO000536,DC4-031,PM,2026-09-16,2026-09-16,,SKIPPED,,,,0,0,0
WO000537,DC4-031,CM,,2025-12-07,2025-12-09,,ELECTRICAL,WIRING,REPAIR,8.2,1.39,488.84
WO000538,DC4-031,CM,,2026-02-16,2026-02-17,,TIRES,DEBRIS,REPLACE,4.2,5.31,798.27
WO000539,DC4-032,PM,2025-09-28,2025-09-28,2025-09-30,ON TIME,,,,1.1,1.08,44.06
WO000540,DC4-032,PM,2025-10-28,2025-10-28,2025-10-31,ON TIME,,,,0.7,0.75,83.83
WO000541,DC4-032,PM,2025-11-27,2025-11-27,2025-11-29,ON TIME,,,,0.8,1.34,68.09
WO000542,DC4-032,PM,2025-12-27,2025-12-27,2025-12-30,ON TIME,,,,0.9,0.86,76.55
WO000543,DC4-032,PM,2026-01-26,2026-01-26,2026-01-29,ON TIME,,,,1.2,1.5,47.19
WO000544,DC4-032,PM,2026-02-25,2026-02-25,2026-02-28,ON TIME,,,,1.1,0.97,41.7
WO000545,DC4-032,PM,2026-03-27,2026-03-27,2026-03-29,ON TIME,,,,1.2,1.17,19.94
WO000546,DC4-032,PM,2026-04-26,2026-04-26,2026-04-26,ON TIME,,,,1.2,1.54,55.64
WO000547,DC4-032,PM,2026-05-26,2026-05-26,2026-05-26,ON TIME,,,,1.2,1.9,41.79
WO000548,DC4-032,PM,2026-06-25,2026-06-25,2026-06-25,ON TIME,,,,0.9,1.81,86.03
WO000549,DC4-032,PM,2026-07-25,2026-07-25,2026-07-25,ON TIME,,,,0.9,1.18,16.72
WO000550,DC4-032,PM,2026-08-24,2026-08-24,2026-08-25,ON TIME,,,,1.0,1.54,65.3
WO000551,DC4-032,CM,,2026-01-09,2026-01-09,,ELECTRICAL,CONNECTOR,REPAIR,10.3,5.92,416.67
WO000552,DC4-032,CM,,2026-04-26,2026-04-26,,TIRES,TREAD WEAR,REPLACE,6.2,3.75,906.22
WO000553,DC4-032,CM,,2026-06-20,2026-06-21,,BRAKES,PAD WEAR,ADJUST,10.3,1.31,2.63
WO000554,DC4-032,CM,,2026-08-27,2026-08-28,,TIRES,TREAD WEAR,REPLACE,10.5,1.43,2382.71
WO000555,DC4-033,PM,2025-10-21,2025-10-21,2025-10-22,ON TIME,,,,0.7,0.77,78.74
WO000556,DC4-033,PM,2025-11-20,2025-11-20,2025-11-22,ON TIME,,,,0.6,1.45,70.75
WO000557,DC4-033,PM,2025-12-20,2025-12-20,2025-12-23,ON TIME,,,,0.8,1.67,41.51
WO000558,DC4-033,PM,2026-01-19,2026-01-19,2026-01-21,ON TIME,,,,1.1,1.35,79.51
WO000559,DC4-033,PM,2026-02-18,2026-02-18,2026-02-20,ON TIME,,,,0.5,1.9,81.66
WO000560,DC4-033,PM,2026-03-20,2026-03-20,2026-03-22,ON TIME,,,,1.0,0.86,17.82
WO000561,DC4-033,PM,2026-04-19,2026-04-19,2026-04-22,ON TIME,,,,0.9,1.65,48.92
WO000562,DC4-033,PM,2026-05-19,2026-05-19,2026-05-20,ON TIME,,,,1.5,1.33,75.08
WO000563,DC4-033,PM,2026-06-18,2026-06-18,2026-06-20,ON TIME,,,,1.4,1.2,30.54
WO000564,DC4-033,PM,2026-07-18,2026-07-18,2026-07-18,ON TIME,,,,0.6,1.84,78.37
WO000565,DC4-033,PM,2026-08-17,2026-08-17,2026-08-18,ON TIME,,,,0.7,1.45,36.23
WO000566,DC4-033,PM,2026-09-16,2026-09-16,2026-09-17,ON TIME,,,,0.9,1.04,28.8
WO000567,DC4-033,CM,,2025-10-31,2025-10-31,,BATTERY,CHARGING,REPLACE,6.2,5.82,808.2
WO000568,DC4-033,CM,,2026-03-21,2026-03-23,,WHEELS,DEBRIS,REPLACE,5.9,1.63,1991.74
WO000569,DC4-033,CM,,2026-06-18,2026-06-20,,WHEELS,DEBRIS,REPLACE,7.0,3.93,1711.5
WO000570,DC4-034,PM,2025-10-01,2025-10-01,2025-10-03,ON TIME,,,,1.4,2.0,59.04
WO000571,DC4-034,PM,2025-10-31,2025-10-31,2025-11-03,ON TIME,,,,0.6,1.6,46.4
WO000572,DC4-034,PM,2025-11-30,2025-11-30,2025-12-01,ON TIME,,,,0.6,1.34,67.48
WO000573,DC4-034,PM,2025-12-30,2025-12-30,2025-12-30,ON TIME,,,,1.1,1.46,31.26
WO000574,DC4-034,PM,2026-01-29,2026-01-29,2026-01-30,ON TIME,,,,1.5,0.78,75.53
WO000575,DC4-034,PM,2026-02-28,2026-02-28,2026-03-08,LATE,,,,1.4,1.76,49.25
WO000576,DC4-034,PM,2026-03-30,2026-03-30,2026-03-30,ON TIME,,,,0.6,1.48,82.74
WO000577,DC4-034,PM,2026-04-29,2026-04-29,,SKIPPED,,,,0,0,0
WO000578,DC4-034,PM,2026-05-29,2026-05-29,2026-05-31,ON TIME,,,,1.3,0.93,50.13
WO000579,DC4-034,PM,2026-06-28,2026-06-28,2026-07-01,ON TIME,,,,1.1,1.13,47.37
WO000580,DC4-034,PM,2026-07-28,2026-07-28,,SKIPPED,,,,0,0,0
WO000581,DC4-034,PM,2026-08-27,2026-08-27,,SKIPPED,,,,0,0,0
WO000582,DC4-034,CM,,2025-12-03,2025-12-04,,CONTROLS,WIRING,REPAIR,8.6,3.73,210.87
WO000583,DC4-034,CM,,2026-07-15,2026-07-17,,BATTERY,CELL WEAR,REPLACE,6.9,5.82,1887.81
WO000584,DC4-035,PM,2025-10-09,2025-10-09,2025-10-12,ON TIME,,,,0.9,1.9,85.01
WO000585,DC4-035,PM,2025-11-08,2025-11-08,2025-11-09,ON TIME,,,,1.1,1.3,42.2
WO000586,DC4-035,PM,2025-12-08,2025-12-08,2025-12-11,ON TIME,,,,1.1,1.67,51.88
WO000587,DC4-035,PM,2026-01-07,2026-01-07,2026-01-08,ON TIME,,,,1.3,0.77,69.39
WO000588,DC4-035,PM,2026-02-06,2026-02-06,2026-02-08,ON TIME,,,,1.0,0.82,35.76
WO000589,DC4-035,PM,2026-03-08,2026-03-08,2026-03-18,LATE,,,,1.2,1.04,30.15
WO000590,DC4-035,PM,2026-04-07,2026-04-07,2026-04-07,ON TIME,,,,0.9,1.26,61.1
WO000591,DC4-035,PM,2026-05-07,2026-05-07,2026-05-07,ON TIME,,,,1.1,0.83,25.8
WO000592,DC4-035,PM,2026-06-06,2026-06-06,2026-06-09,ON TIME,,,,0.7,1.73,48.05
WO000593,DC4-035,PM,2026-07-06,2026-07-06,2026-07-06,ON TIME,,,,1.1,1.63,16.09
WO000594,DC4-035,PM,2026-08-05,2026-08-05,2026-08-08,ON TIME,,,,1.4,1.73,51.49
WO000595,DC4-035,PM,2026-09-04,2026-09-04,2026-09-06,ON TIME,,,,1.2,1.54,53.89
WO000596,DC4-035,CM,,2026-01-25,2026-01-27,,WHEELS,DEBRIS,REPLACE,5.0,2.13,1052.13
WO000597,DC4-035,CM,,2026-07-30,2026-07-31,,WHEELS,DEBRIS,REPLACE,6.9,4.0,563.18
WO000598,DC4-036,PM,2025-10-09,2025-10-09,2025-10-12,ON TIME,,,,0.8,1.45,23.81
WO000599,DC4-036,PM,2025-11-08,2025-11-08,2025-11-11,ON TIME,,,,1.2,1.7,18.26
WO000600,DC4-036,PM,2025-12-08,2025-12-08,2025-12-11,ON TIME,,,,0.7,1.06,82.46
WO000601,DC4-036,PM,2026-01-07,2026-01-07,,SKIPPED,,,,0,0,0
WO000602,DC4-036,PM,2026-02-06,2026-02-06,2026-02-09,ON TIME,,,,1.1,1.37,56.51
WO000603,DC4-036,PM,2026-03-08,2026-03-08,2026-03-10,ON TIME,,,,1.3,1.98,51.6
WO000604,DC4-036,PM,2026-04-07,2026-04-07,2026-04-08,ON TIME,,,,0.9,1.02,48.77
WO000605,DC4-036,PM,2026-05-07,2026-05-07,2026-05-08,ON TIME,,,,0.6,1.35,67.46
WO000606,DC4-036,PM,2026-06-06,2026-06-06,2026-06-06,ON TIME,,,,0.7,1.52,23.64
WO000607,DC4-036,PM,2026-07-06,2026-07-06,2026-07-09,ON TIME,,,,1.1,1.11,71.33
WO000608,DC4-036,PM,2026-08-05,2026-08-05,2026-08-07,ON TIME,,,,0.6,1.89,30.61
WO000609,DC4-036,PM,2026-09-04,2026-09-04,2026-09-07,ON TIME,,,,0.8,1.96,44.36
WO000610,DC4-036,CM,,2025-10-04,2025-10-05,,WHEELS,BEARING WEAR,REPLACE,3.8,4.32,1330.96
WO000611,DC4-036,CM,,2026-02-01,2026-02-02,,BATTERY,CHARGING,REPLACE,7.3,4.09,2247.78
WO000612,DC4-036,CM,,2026-03-19,2026-03-20,,WHEELS,DEBRIS,REPLACE,6.6,3.03,1375.54
WO000613,DC4-036,CM,,2026-04-20,2026-04-20,,CONTROLS,SWITCH,REPAIR,2.1,5.0,798.2
WO000614,DC4-036,CM,,2026-05-13,2026-05-15,,WHEELS,BEARING WEAR,REPLACE,2.5,4.74,1553.8
WO000615,DC4-036,CM,,2026-06-04,2026-06-06,,BATTERY,CELL WEAR,REPLACE,2.0,1.03,563.44
WO000616,DC4-036,CM,,2026-09-12,2026-09-14,,WHEELS,DEBRIS,REPLACE,2.6,2.04,2298.23
WO000617,DC4-037,PM,2025-09-29,2025-09-29,2025-09-30,ON TIME,,,,1.0,1.55,78.83
WO000618,DC4-037,PM,2025-10-29,2025-10-29,2025-10-31,ON TIME,,,,1.3,1.46,29.8
WO000619,DC4-037,PM,2025-11-28,2025-11-28,2025-11-28,ON TIME,,,,1.3,1.41,29.79
WO000620,DC4-037,PM,2025-12-28,2025-12-28,2025-12-30,ON TIME,,,,1.5,1.01,24.99
WO000621,DC4-037,PM,2026-01-27,2026-01-27,2026-01-27,ON TIME,,,,0.6,1.11,21.75
WO000622,DC4-037,PM,2026-02-26,2026-02-26,2026-02-27,ON TIME,,,,0.8,1.96,51.83
WO000623,DC4-037,PM,2026-03-28,2026-03-28,2026-03-29,ON TIME,,,,1.2,1.46,21.75
WO000624,DC4-037,PM,2026-04-27,2026-04-27,2026-05-13,LATE,,,,1.3,1.48,34.24
WO000625,DC4-037,PM,2026-05-27,2026-05-27,2026-05-30,ON TIME,,,,1.2,0.78,26.61
WO000626,DC4-037,PM,2026-06-26,2026-06-26,2026-06-26,ON TIME,,,,0.6,1.09,63.88
WO000627,DC4-037,PM,2026-07-26,2026-07-26,2026-07-27,ON TIME,,,,0.8,1.46,58.0
WO000628,DC4-037,PM,2026-08-25,2026-08-25,2026-08-27,ON TIME,,,,1.2,1.47,76.4
WO000629,DC4-037,CM,,2026-05-04,2026-05-04,,WHEELS,BEARING WEAR,REPLACE,6.0,2.53,2223.1
WO000630,DC4-038,PM,2025-09-26,2025-09-26,2025-09-26,ON TIME,,,,1.5,1.96,40.01
WO000631,DC4-038,PM,2025-10-26,2025-10-26,2025-10-29,ON TIME,,,,1.5,0.77,84.49
WO000632,DC4-038,PM,2025-11-25,2025-11-25,2025-11-26,ON TIME,,,,0.6,1.37,42.01
WO000633,DC4-038,PM,2025-12-25,2025-12-25,2025-12-26,ON TIME,,,,0.6,1.87,41.06
WO000634,DC4-038,PM,2026-01-24,2026-01-24,2026-02-11,LATE,,,,0.9,1.39,59.16
WO000635,DC4-038,PM,2026-02-23,2026-02-23,2026-02-25,ON TIME,,,,0.5,1.77,33.08
WO000636,DC4-038,PM,2026-03-25,2026-03-25,2026-04-11,LATE,,,,0.8,0.79,65.62
WO000637,DC4-038,PM,2026-04-24,2026-04-24,2026-04-25,ON TIME,,,,1.4,1.18,48.03
WO000638,DC4-038,PM,2026-05-24,2026-05-24,2026-05-25,ON TIME,,,,1.5,1.91,17.06
WO000639,DC4-038,PM,2026-06-23,2026-06-23,2026-06-24,ON TIME,,,,0.6,1.52,86.56
WO000640,DC4-038,PM,2026-07-23,2026-07-23,2026-07-23,ON TIME,,,,0.8,0.8,66.2
WO000641,DC4-038,PM,2026-08-22,2026-08-22,2026-08-25,ON TIME,,,,1.2,1.63,83.54
WO000642,DC4-038,PM,2026-09-21,2026-09-21,,OPEN,,,,0,0,0
WO000643,DC4-038,CM,,2026-02-07,2026-02-07,,WHEELS,DEBRIS,REPLACE,4.8,1.07,1741.81
WO000644,DC4-038,CM,,2026-05-05,2026-05-07,,WHEELS,BEARING WEAR,REPLACE,3.5,4.68,1648.8
WO000645,DC4-038,CM,,2026-09-06,2026-09-08,,CONTROLS,SWITCH,REPAIR,8.7,5.62,643.83
WO000646,DC4-039,PM,2025-10-16,2025-10-16,2025-10-17,ON TIME,,,,0.7,0.91,74.22
WO000647,DC4-039,PM,2025-11-15,2025-11-15,2025-11-18,ON TIME,,,,0.6,1.05,79.47
WO000648,DC4-039,PM,2025-12-15,2025-12-15,2026-01-03,LATE,,,,0.9,1.1,81.48
WO000649,DC4-039,PM,2026-01-14,2026-01-14,2026-01-14,ON TIME,,,,0.6,1.43,38.73
WO000650,DC4-039,PM,2026-02-13,2026-02-13,2026-02-13,ON TIME,,,,1.3,1.3,23.74
WO000651,DC4-039,PM,2026-03-15,2026-03-15,2026-03-16,ON TIME,,,,1.4,0.94,64.54
WO000652,DC4-039,PM,2026-04-14,2026-04-14,2026-04-16,ON TIME,,,,1.1,0.91,67.65
WO000653,DC4-039,PM,2026-05-14,2026-05-14,2026-05-30,LATE,,,,1.4,1.81,40.55
WO000654,DC4-039,PM,2026-06-13,2026-06-13,2026-06-16,ON TIME,,,,1.3,1.57,73.55
WO000655,DC4-039,PM,2026-07-13,2026-07-13,2026-07-16,ON TIME,,,,0.8,1.29,67.23
WO000656,DC4-039,PM,2026-08-12,2026-08-12,2026-08-15,ON TIME,,,,1.2,1.89,56.1
WO000657,DC4-039,PM,2026-09-11,2026-09-11,2026-09-13,ON TIME,,,,0.7,0.89,65.89
WO000658,DC4-039,CM,,2025-10-31,2025-11-02,,WHEELS,DEBRIS,REPLACE,9.0,2.3,1437.43
WO000659,DC4-039,CM,,2026-04-16,2026-04-18,,WHEELS,BEARING WEAR,REPLACE,4.5,3.55,1351.25
WO000660,DC4-039,CM,,2026-07-02,2026-07-02,,WHEELS,DEBRIS,REPLACE,5.0,3.04,1553.81
WO000661,DC4-039,CM,,2026-07-04,2026-07-06,,BATTERY,CELL WEAR,REPLACE,6.1,5.28,540.49
WO000662,DC4-040,PM,2025-10-11,2025-10-11,2025-10-20,LATE,,,,0.8,1.35,41.31
WO000663,DC4-040,PM,2025-11-10,2025-11-10,2025-11-12,ON TIME,,,,1.4,1.59,38.26
WO000664,DC4-040,PM,2025-12-10,2025-12-10,2025-12-10,ON TIME,,,,1.1,0.81,58.65
WO000665,DC4-040,PM,2026-01-09,2026-01-09,2026-01-09,ON TIME,,,,1.4,0.95,16.31
WO000666,DC4-040,PM,2026-02-08,2026-02-08,2026-02-08,ON TIME,,,,1.4,1.58,28.59
WO000667,DC4-040,PM,2026-03-10,2026-03-10,2026-03-10,ON TIME,,,,0.7,1.63,77.85
WO000668,DC4-040,PM,2026-04-09,2026-04-09,2026-04-12,ON TIME,,,,0.6,1.01,27.6
WO000669,DC4-040,PM,2026-05-09,2026-05-09,2026-05-09,ON TIME,,,,1.0,1.46,25.06
WO000670,DC4-040,PM,2026-06-08,2026-06-08,2026-06-08,ON TIME,,,,0.6,1.4,70.27
WO000671,DC4-040,PM,2026-07-08,2026-07-08,2026-07-08,ON TIME,,,,0.7,1.07,15.51
WO000672,DC4-040,PM,2026-08-07,2026-08-07,2026-08-07,ON TIME,,,,0.6,1.83,65.2
WO000673,DC4-040,PM,2026-09-06,2026-09-06,2026-09-09,ON TIME,,,,0.8,1.29,32.25
WO000674,DC4-040,CM,,2026-08-14,2026-08-14,,WHEELS,BEARING WEAR,REPLACE,3.5,3.93,1801.26
WO000675,DC4-041,PM,2025-10-05,2025-10-05,2025-10-07,ON TIME,,,,1.1,1.26,81.92
WO000676,DC4-041,PM,2025-11-04,2025-11-04,2025-11-07,ON TIME,,,,1.4,1.89,53.81
WO000677,DC4-041,PM,2025-12-04,2025-12-04,2025-12-05,ON TIME,,,,0.5,1.78,68.75
WO000678,DC4-041,PM,2026-01-03,2026-01-03,2026-01-04,ON TIME,,,,0.7,1.33,82.12
WO000679,DC4-041,PM,2026-02-02,2026-02-02,2026-02-03,ON TIME,,,,0.9,0.9,78.14
WO000680,DC4-041,PM,2026-03-04,2026-03-04,2026-03-05,ON TIME,,,,1.0,1.58,47.39
WO000681,DC4-041,PM,2026-04-03,2026-04-03,2026-04-17,LATE,,,,1.1,0.85,29.87
WO000682,DC4-041,PM,2026-05-03,2026-05-03,2026-05-04,ON TIME,,,,1.4,0.87,58.34
WO000683,DC4-041,PM,2026-06-02,2026-06-02,2026-06-05,ON TIME,,,,0.9,1.84,71.68
WO000684,DC4-041,PM,2026-07-02,2026-07-02,2026-07-03,ON TIME,,,,0.9,0.89,65.69
WO000685,DC4-041,PM,2026-08-01,2026-08-01,2026-08-03,ON TIME,,,,0.9,1.48,37.62
WO000686,DC4-041,PM,2026-08-31,2026-08-31,2026-09-01,ON TIME,,,,0.8,1.94,45.52
WO000687,DC4-041,CM,,2025-12-29,2025-12-30,,CONTROLS,WIRING,REPAIR,9.4,4.99,440.2
WO000688,DC4-041,CM,,2026-01-22,2026-01-22,,CONTROLS,WIRING,REPAIR,3.0,3.61,221.87
WO000689,DC4-041,CM,,2026-07-18,2026-07-18,,WHEELS,DEBRIS,REPLACE,4.9,1.7,2319.33
WO000690,DC4-042,PM,2025-10-08,2025-10-08,2025-10-08,ON TIME,,,,1.3,1.55,88.09
WO000691,DC4-042,PM,2025-11-07,2025-11-07,,SKIPPED,,,,0,0,0
WO000692,DC4-042,PM,2025-12-07,2025-12-07,2025-12-08,ON TIME,,,,1.3,0.89,87.88
WO000693,DC4-042,PM,2026-01-06,2026-01-06,2026-01-14,LATE,,,,0.6,0.82,79.95
WO000694,DC4-042,PM,2026-02-05,2026-02-05,,SKIPPED,,,,0,0,0
WO000695,DC4-042,PM,2026-03-07,2026-03-07,2026-03-08,ON TIME,,,,1.0,0.88,18.6
WO000696,DC4-042,PM,2026-04-06,2026-04-06,2026-04-08,ON TIME,,,,1.3,0.88,42.89
WO000697,DC4-042,PM,2026-05-06,2026-05-06,2026-05-06,ON TIME,,,,1.4,1.82,43.12
WO000698,DC4-042,PM,2026-06-05,2026-06-05,2026-06-19,LATE,,,,0.7,1.48,76.22
WO000699,DC4-042,PM,2026-07-05,2026-07-05,2026-07-14,LATE,,,,1.3,0.82,32.58
WO000700,DC4-042,PM,2026-08-04,2026-08-04,2026-08-04,ON TIME,,,,0.7,1.8,86.01
WO000701,DC4-042,PM,2026-09-03,2026-09-03,2026-09-04,ON TIME,,,,0.5,1.64,66.01
WO000702,DC4-042,CM,,2025-10-26,2025-10-27,,BATTERY,WATERING,REPLACE,5.3,5.61,590.41
WO000703,DC4-042,CM,,2026-02-08,2026-02-08,,WHEELS,BEARING WEAR,REPLACE,5.3,3.52,648.78
WO000704,DC4-042,CM,,2026-06-26,2026-06-26,,WHEELS,DEBRIS,REPLACE,5.1,5.85,1500.8
WO000705,DC4-043,PM,2025-10-06,2025-10-06,2025-10-15,LATE,,,,0.5,1.13,17.85
WO000706,DC4-043,PM,2025-11-05,2025-11-05,,SKIPPED,,,,0,0,0
WO000707,DC4-043,PM,2025-12-05,2025-12-05,2025-12-07,ON TIME,,,,0.8,0.92,57.14
WO000708,DC4-043,PM,2026-01-04,2026-01-04,2026-01-06,ON TIME,,,,0.8,1.55,58.25
WO000709,DC4-043,PM,2026-02-03,2026-02-03,,SKIPPED,,,,0,0,0
WO000710,DC4-043,PM,2026-03-05,2026-03-05,2026-03-07,ON TIME,,,,1.1,1.79,84.57
WO000711,DC4-043,PM,2026-04-04,2026-04-04,,SKIPPED,,,,0,0,0
WO000712,DC4-043,PM,2026-05-04,2026-05-04,,SKIPPED,,,,0,0,0
WO000713,DC4-043,PM,2026-06-03,2026-06-03,2026-06-03,ON TIME,,,,1.0,1.69,49.32
WO000714,DC4-043,PM,2026-07-03,2026-07-03,2026-07-05,ON TIME,,,,1.2,1.71,84.63
WO000715,DC4-043,PM,2026-08-02,2026-08-02,2026-08-04,ON TIME,,,,1.2,0.98,41.38
WO000716,DC4-043,PM,2026-09-01,2026-09-01,2026-09-15,LATE,,,,1.0,1.09,77.42
WO000717,DC4-043,CM,,2025-10-19,2025-10-20,,BATTERY,WATERING,REPLACE,4.1,1.82,2386.87
WO000718,DC4-043,CM,,2025-10-31,2025-10-31,,WHEELS,DEBRIS,REPLACE,3.2,4.19,2150.92
WO000719,DC4-043,CM,,2025-11-04,2025-11-06,,BATTERY,CELL WEAR,REPLACE,6.3,5.22,1420.58
WO000720,DC4-043,CM,,2025-12-01,2025-12-01,,WHEELS,DEBRIS,REPLACE,9.7,2.13,921.9
WO000721,DC4-044,PM,2025-10-17,2025-10-17,2025-10-18,ON TIME,,,,1.5,0.87,72.84
WO000722,DC4-044,PM,2025-11-16,2025-11-16,2025-11-17,ON TIME,,,,0.9,1.33,48.16
WO000723,DC4-044,PM,2025-12-16,2025-12-16,2025-12-18,ON TIME,,,,0.8,1.79,69.35
WO000724,DC4-044,PM,2026-01-15,2026-01-15,2026-01-18,ON TIME,,,,0.6,0.99,27.58
WO000725,DC4-044,PM,2026-02-14,2026-02-14,,SKIPPED,,,,0,0,0
WO000726,DC4-044,PM,2026-03-16,2026-03-16,2026-03-17,ON TIME,,,,1.4,1.42,75.38
WO000727,DC4-044,PM,2026-04-15,2026-04-15,,SKIPPED,,,,0,0,0
WO000728,DC4-044,PM,2026-05-15,2026-05-15,2026-05-18,ON TIME,,,,0.5,1.33,34.87
WO000729,DC4-044,PM,2026-06-14,2026-06-14,2026-06-14,ON TIME,,,,1.4,1.33,88.58
WO000730,DC4-044,PM,2026-07-14,2026-07-14,2026-07-16,ON TIME,,,,0.7,0.87,71.31
WO000731,DC4-044,PM,2026-08-13,2026-08-13,,SKIPPED,,,,0,0,0
WO000732,DC4-044,PM,2026-09-12,2026-09-12,2026-09-14,ON TIME,,,,1.0,0.84,89.92
WO000733,DC4-044,CM,,2025-09-26,2025-09-26,,BATTERY,CHARGING,REPLACE,6.2,4.12,1977.7
WO000734,DC4-044,CM,,2025-10-17,2025-10-17,,WHEELS,DEBRIS,REPLACE,7.4,1.46,1162.44
WO000735,DC4-044,CM,,2026-04-25,2026-04-25,,WHEELS,DEBRIS,REPLACE,7.4,5.86,2234.21
WO000736,DC4-044,CM,,2026-06-19,2026-06-21,,CONTROLS,SWITCH,REPAIR,8.0,4.64,831.71
WO000737,DC4-044,CM,,2026-08-27,2026-08-29,,BATTERY,CHARGING,REPLACE,6.9,3.65,2337.82
WO000738,DC4-045,PM,2025-09-28,2025-09-28,2025-09-30,ON TIME,,,,0.8,1.48,28.24
WO000739,DC4-045,PM,2025-10-28,2025-10-28,,SKIPPED,,,,0,0,0
WO000740,DC4-045,PM,2025-11-27,2025-11-27,2025-11-30,ON TIME,,,,1.3,1.06,78.18
WO000741,DC4-045,PM,2025-12-27,2025-12-27,2025-12-29,ON TIME,,,,1.2,1.26,22.49
WO000742,DC4-045,PM,2026-01-26,2026-01-26,2026-02-04,LATE,,,,1.4,1.56,52.59
WO000743,DC4-045,PM,2026-02-25,2026-02-25,2026-02-25,ON TIME,,,,1.0,1.28,52.82
WO000744,DC4-045,PM,2026-03-27,2026-03-27,2026-03-27,ON TIME,,,,0.8,1.53,27.68
WO000745,DC4-045,PM,2026-04-26,2026-04-26,2026-04-27,ON TIME,,,,0.7,1.15,24.27
WO000746,DC4-045,PM,2026-05-26,2026-05-26,2026-05-26,ON TIME,,,,0.6,1.02,24.4
WO000747,DC4-045,PM,2026-06-25,2026-06-25,2026-06-26,ON TIME,,,,0.9,1.39,56.44
WO000748,DC4-045,PM,2026-07-25,2026-07-25,,SKIPPED,,,,0,0,0
WO000749,DC4-045,PM,2026-08-24,2026-08-24,2026-08-26,ON TIME,,,,0.8,1.94,67.72
WO000750,DC4-045,CM,,2025-11-27,2025-11-29,,BATTERY,CELL WEAR,REPLACE,4.9,2.92,1926.67
WO000751,DC4-045,CM,,2025-12-06,2025-12-08,,WHEELS,BEARING WEAR,REPLACE,4.1,4.03,1343.04
WO000752,DC4-045,CM,,2026-05-21,2026-05-21,,WHEELS,DEBRIS,REPLACE,2.7,4.93,1937.85
WO000753,DC4-046,PM,2025-09-29,2025-09-29,2025-10-02,ON TIME,,,,1.0,1.57,53.28
WO000754,DC4-046,PM,2025-10-29,2025-10-29,,SKIPPED,,,,0,0,0
WO000755,DC4-046,PM,2025-11-28,2025-11-28,2025-12-17,LATE,,,,0.8,1.69,56.86
WO000756,DC4-046,PM,2025-12-28,2025-12-28,,SKIPPED,,,,0,0,0
WO000757,DC4-046,PM,2026-01-27,2026-01-27,2026-01-30,ON TIME,,,,0.6,1.85,49.98
WO000758,DC4-046,PM,2026-02-26,2026-02-26,2026-03-01,ON TIME,,,,1.4,1.92,66.02
WO000759,DC4-046,PM,2026-03-28,2026-03-28,2026-03-28,ON TIME,,,,1.3,1.56,55.63
WO000760,DC4-046,PM,2026-04-27,2026-04-27,,SKIPPED,,,,0,0,0
WO000761,DC4-046,PM,2026-05-27,2026-05-27,2026-05-30,ON TIME,,,,1.2,1.72,46.79
WO000762,DC4-046,PM,2026-06-26,2026-06-26,2026-06-29,ON TIME,,,,1.4,1.53,25.16
WO000763,DC4-046,PM,2026-07-26,2026-07-26,2026-07-29,ON TIME,,,,0.9,1.12,59.03
WO000764,DC4-046,PM,2026-08-25,2026-08-25,2026-08-25,ON TIME,,,,0.6,1.56,56.08
WO000765,DC4-046,CM,,2026-01-19,2026-01-19,,CONTROLS,SWITCH,REPAIR,9.3,1.72,879.62
WO000766,DC4-046,CM,,2026-01-23,2026-01-24,,WHEELS,DEBRIS,REPLACE,3.3,2.26,1089.66
WO000767,DC4-046,CM,,2026-02-12,2026-02-12,,WHEELS,BEARING WEAR,REPLACE,8.1,5.35,1043.36
WO000768,DC4-046,CM,,2026-04-23,2026-04-24,,CONTROLS,SWITCH,REPAIR,3.0,1.26,417.0
WO000769,DC4-046,CM,,2026-07-02,2026-07-02,,WHEELS,BEARING WEAR,REPLACE,5.7,3.67,1101.38
WO000770,DC4-047,PM,2025-10-17,2025-10-17,,SKIPPED,,,,0,0,0
WO000771,DC4-047,PM,2025-11-16,2025-11-16,2025-11-18,ON TIME,,,,1.1,1.67,32.43
WO000772,DC4-047,PM,2025-12-16,2025-12-16,2025-12-19,ON TIME,,,,1.2,1.95,88.99
WO000773,DC4-047,PM,2026-01-15,2026-01-15,2026-01-18,ON TIME,,,,0.6,0.87,18.9
WO000774,DC4-047,PM,2026-02-14,2026-02-14,2026-02-16,ON TIME,,,,0.6,1.1,16.56
WO000775,DC4-047,PM,2026-03-16,2026-03-16,2026-03-19,ON TIME,,,,0.6,1.0,40.25
WO000776,DC4-047,PM,2026-04-15,2026-04-15,2026-04-18,ON TIME,,,,1.3,1.19,51.2
WO000777,DC4-047,PM,2026-05-15,2026-05-15,2026-05-18,ON TIME,,,,0.7,1.86,42.18
WO000778,DC4-047,PM,2026-06-14,2026-06-14,2026-06-15,ON TIME,,,,1.2,1.66,28.86
WO000779,DC4-047,PM,2026-07-14,2026-07-14,2026-07-16,ON TIME,,,,1.2,1.07,54.13
WO000780,DC4-047,PM,2026-08-13,2026-08-13,2026-08-14,ON TIME,,,,0.9,1.64,78.87
WO000781,DC4-047,PM,2026-09-12,2026-09-12,2026-09-14,ON TIME,,,,1.4,0.87,89.24
WO000782,DC4-047,CM,,2025-12-23,2025-12-25,,WHEELS,BEARING WEAR,REPLACE,3.3,1.56,549.98
WO000783,DC4-048,PM,2025-10-04,2025-10-04,2025-10-07,ON TIME,,,,0.8,1.7,20.49
WO000784,DC4-048,PM,2025-11-03,2025-11-03,2025-11-03,ON TIME,,,,1.0,0.79,15.6
WO000785,DC4-048,PM,2025-12-03,2025-12-03,2025-12-06,ON TIME,,,,1.1,1.34,46.75
WO000786,DC4-048,PM,2026-01-02,2026-01-02,2026-01-03,ON TIME,,,,0.8,1.26,39.73
WO000787,DC4-048,PM,2026-02-01,2026-02-01,2026-02-02,ON TIME,,,,0.5,1.75,40.12
WO000788,DC4-048,PM,2026-03-03,2026-03-03,2026-03-05,ON TIME,,,,1.1,1.81,71.48
WO000789,DC4-048,PM,2026-04-02,2026-04-02,2026-04-05,ON TIME,,,,0.7,1.1,80.6
WO000790,DC4-048,PM,2026-05-02,2026-05-02,2026-05-02,ON TIME,,,,1.2,1.07,30.96
WO000791,DC4-048,PM,2026-06-01,2026-06-01,2026-06-04,ON TIME,,,,0.8,0.92,81.9
WO000792,DC4-048,PM,2026-07-01,2026-07-01,2026-07-17,LATE,,,,1.0,1.29,87.43
WO000793,DC4-048,PM,2026-07-31,2026-07-31,2026-08-01,ON TIME,,,,1.3,0.8,79.39
WO000794,DC4-048,PM,2026-08-30,2026-08-30,2026-09-02,ON TIME,,,,1.3,1.46,86.24
WO000795,DC4-048,CM,,2025-11-11,2025-11-13,,BATTERY,CELL WEAR,REPLACE,4.2,3.2,1573.93
WO000796,DC4-048,CM,,2025-11-22,2025-11-22,,BATTERY,CHARGING,REPLACE,5.9,2.08,2350.39
WO000797,DC4-048,CM,,2026-06-23,2026-06-24,,CONTROLS,SWITCH,REPAIR,7.5,5.94,133.44
WO000798,DC4-048,CM,,2026-09-03,2026-09-05,,WHEELS,BEARING WEAR,REPLACE,8.0,3.27,2036.88
WO000799,DC4-049,PM,2025-10-11,2025-10-11,2025-10-12,ON TIME,,,,0.7,1.03,58.03
WO000800,DC4-049,PM,2025-11-10,2025-11-10,,SKIPPED,,,,0,0,0
WO000801,DC4-049,PM,2025-12-10,2025-12-10,2025-12-12,ON TIME,,,,1.1,1.23,71.14
WO000802,DC4-049,PM,2026-01-09,2026-01-09,2026-01-12,ON TIME,,,,0.6,1.31,63.12
WO000803,DC4-049,PM,2026-02-08,2026-02-08,2026-02-18,LATE,,,,1.1,0.84,45.5
WO000804,DC4-049,PM,2026-03-10,2026-03-10,,SKIPPED,,,,0,0,0
WO000805,DC4-049,PM,2026-04-09,2026-04-09,2026-04-09,ON TIME,,,,1.2,1.67,28.62
WO000806,DC4-049,PM,2026-05-09,2026-05-09,2026-05-09,ON TIME,,,,0.9,0.78,62.87
WO000807,DC4-049,PM,2026-06-08,2026-06-08,2026-06-11,ON TIME,,,,0.5,1.63,38.52
WO000808,DC4-049,PM,2026-07-08,2026-07-08,2026-07-10,ON TIME,,,,1.0,1.98,79.78
WO000809,DC4-049,PM,2026-08-07,2026-08-07,2026-08-07,ON TIME,,,,1.2,1.48,33.86
WO000810,DC4-049,PM,2026-09-06,2026-09-06,2026-09-09,ON TIME,,,,0.8,1.57,59.01
WO000811,DC4-049,CM,,2025-10-21,2025-10-22,,BELT,TRACKING,ADJUST,7.5,2.25,25.85
WO000812,DC4-049,CM,,2026-02-02,2026-02-03,,SENSOR,DIRT,CLEAN,10.3,1.7,4.38
WO000813,DC4-049,CM,,2026-02-11,2026-02-11,,MOTOR,OVERHEAT,REPLACE,11.0,3.58,1783.25
WO000814,DC4-049,CM,,2026-03-01,2026-03-02,,BEARING,LUBRICATION,LUBRICATE,14.8,5.96,13.66
WO000815,DC4-049,CM,,2026-04-02,2026-04-04,,BELT,TRACKING,ADJUST,6.2,4.8,68.79
WO000816,DC4-049,CM,,2026-07-04,2026-07-05,,BELT,TRACKING,ADJUST,14.8,5.86,63.06
WO000817,DC4-049,CM,,2026-09-02,2026-09-03,,BEARING,WEAR,LUBRICATE,11.5,3.87,48.3
WO000818,DC4-050,PM,2025-10-06,2025-10-06,2025-10-07,ON TIME,,,,1.4,1.31,42.16
WO000819,DC4-050,PM,2025-11-05,2025-11-05,2025-11-08,ON TIME,,,,1.4,1.76,71.33
WO000820,DC4-050,PM,2025-12-05,2025-12-05,2025-12-07,ON TIME,,,,1.3,0.93,54.47
WO000821,DC4-050,PM,2026-01-04,2026-01-04,2026-01-06,ON TIME,,,,0.7,1.24,85.5
WO000822,DC4-050,PM,2026-02-03,2026-02-03,2026-02-13,LATE,,,,1.4,0.83,78.31
WO000823,DC4-050,PM,2026-03-05,2026-03-05,2026-03-05,ON TIME,,,,1.2,1.69,19.03
WO000824,DC4-050,PM,2026-04-04,2026-04-04,2026-04-06,ON TIME,,,,0.9,1.46,66.05
WO000825,DC4-050,PM,2026-05-04,2026-05-04,,SKIPPED,,,,0,0,0
WO000826,DC4-050,PM,2026-06-03,2026-06-03,2026-06-06,ON TIME,,,,1.1,1.54,37.83
WO000827,DC4-050,PM,2026-07-03,2026-07-03,2026-07-06,ON TIME,,,,0.7,1.75,28.14
WO000828,DC4-050,PM,2026-08-02,2026-08-02,2026-08-05,ON TIME,,,,0.5,1.78,18.46
WO000829,DC4-050,PM,2026-09-01,2026-09-01,2026-09-01,ON TIME,,,,0.9,1.6,19.37
WO000830,DC4-050,CM,,2026-02-10,2026-02-12,,BELT,WEAR,ADJUST,10.7,4.51,24.8
WO000831,DC4-050,CM,,2026-02-23,2026-02-23,,BEARING,LUBRICATION,LUBRICATE,10.9,4.47,56.24
WO000832,DC4-050,CM,,2026-05-18,2026-05-20,,BEARING,WEAR,LUBRICATE,4.9,5.95,36.71
WO000833,DC4-050,CM,,2026-05-25,2026-05-27,,BEARING,WEAR,LUBRICATE,13.2,2.84,37.74
WO000834,DC4-050,CM,,2026-07-22,2026-07-23,,SENSOR,MISALIGNED,CLEAN,6.3,5.93,37.68
WO000835,DC4-051,PM,2025-09-23,2025-09-23,2025-09-25,ON TIME,,,,1.4,1.31,46.54
WO000836,DC4-051,PM,2025-10-23,2025-10-23,2025-10-26,ON TIME,,,,1.2,1.0,69.87
WO000837,DC4-051,PM,2025-11-22,2025-11-22,2025-11-22,ON TIME,,,,1.0,1.76,69.21
WO000838,DC4-051,PM,2025-12-22,2025-12-22,2025-12-22,ON TIME,,,,0.9,1.03,19.39
WO000839,DC4-051,PM,2026-01-21,2026-01-21,2026-01-21,ON TIME,,,,1.0,1.61,27.96
WO000840,DC4-051,PM,2026-02-20,2026-02-20,2026-02-20,ON TIME,,,,1.4,1.3,55.81
WO000841,DC4-051,PM,2026-03-22,2026-03-22,2026-03-23,ON TIME,,,,0.6,0.92,19.95
WO000842,DC4-051,PM,2026-04-21,2026-04-21,2026-04-23,ON TIME,,,,0.5,1.68,72.25
WO000843,DC4-051,PM,2026-05-21,2026-05-21,2026-05-22,ON TIME,,,,1.3,0.8,29.0
WO000844,DC4-051,PM,2026-06-20,2026-06-20,2026-06-30,LATE,,,,0.5,1.3,89.04
WO000845,DC4-051,PM,2026-07-20,2026-07-20,2026-07-20,ON TIME,,,,1.0,1.77,61.51
WO000846,DC4-051,PM,2026-08-19,2026-08-19,2026-09-01,LATE,,,,0.8,0.76,60.9
WO000847,DC4-051,PM,2026-09-18,2026-09-18,2026-09-19,ON TIME,,,,1.0,0.95,31.36
WO000848,DC4-051,CM,,2025-11-18,2025-11-18,,BEARING,WEAR,LUBRICATE,11.3,3.88,48.7
WO000849,DC4-051,CM,,2025-12-20,2025-12-22,,BELT,WEAR,ADJUST,4.1,2.29,50.09
WO000850,DC4-051,CM,,2026-02-03,2026-02-04,,MOTOR,BEARING WEAR,REPLACE,14.7,2.23,1958.04
WO000851,DC4-051,CM,,2026-02-26,2026-02-27,,BELT,WEAR,ADJUST,9.7,2.01,61.05
WO000852,DC4-051,CM,,2026-06-02,2026-06-03,,MOTOR,BEARING WEAR,REPLACE,11.4,3.42,623.06
WO000853,DC4-051,CM,,2026-06-20,2026-06-20,,BELT,WEAR,ADJUST,4.1,5.89,93.51
WO000854,DC4-051,CM,,2026-07-11,2026-07-11,,MOTOR,OVERHEAT,REPLACE,15.1,5.08,1030.29
WO000855,DC4-051,CM,,2026-08-15,2026-08-16,,BELT,WEAR,ADJUST,4.4,5.76,87.87
WO000856,DC4-051,CM,,2026-08-22,2026-08-24,,MOTOR,BEARING WEAR,REPLACE,12.7,2.63,2332.92
WO000857,DC4-052,PM,2025-09-28,2025-09-28,2025-09-30,ON TIME,,,,1.0,1.16,33.23
WO000858,DC4-052,PM,2025-10-28,2025-10-28,2025-10-29,ON TIME,,,,0.7,1.27,42.9
WO000859,DC4-052,PM,2025-11-27,2025-11-27,2025-11-28,ON TIME,,,,1.1,1.4,27.06
WO000860,DC4-052,PM,2025-12-27,2025-12-27,2025-12-27,ON TIME,,,,1.3,0.85,50.19
WO000861,DC4-052,PM,2026-01-26,2026-01-26,2026-01-27,ON TIME,,,,1.0,1.76,53.48
WO000862,DC4-052,PM,2026-02-25,2026-02-25,2026-03-08,LATE,,,,0.8,1.39,71.79
WO000863,DC4-052,PM,2026-03-27,2026-03-27,2026-03-28,ON TIME,,,,1.2,1.3,29.65
WO000864,DC4-052,PM,2026-04-26,2026-04-26,2026-04-29,ON TIME,,,,1.5,1.65,80.61
WO000865,DC4-052,PM,2026-05-26,2026-05-26,2026-05-26,ON TIME,,,,0.5,1.7,29.56
WO000866,DC4-052,PM,2026-06-25,2026-06-25,2026-06-28,ON TIME,,,,1.2,0.98,64.05
WO000867,DC4-052,PM,2026-07-25,2026-07-25,2026-07-25,ON TIME,,,,1.0,1.87,24.7
WO000868,DC4-052,PM,2026-08-24,2026-08-24,2026-08-24,ON TIME,,,,1.1,1.97,24.41
WO000869,DC4-052,CM,,2025-10-08,2025-10-10,,MOTOR,OVERHEAT,REPLACE,11.4,4.6,603.66
WO000870,DC4-052,CM,,2026-03-13,2026-03-14,,BELT,TRACKING,ADJUST,4.0,4.25,60.23
WO000871,DC4-052,CM,,2026-03-16,2026-03-16,,BELT,WEAR,ADJUST,4.4,1.04,53.8
WO000872,DC4-052,CM,,2026-05-03,2026-05-03,,BELT,TRACKING,ADJUST,9.3,5.26,6.82
WO000873,DC4-052,CM,,2026-06-04,2026-06-05,,BELT,TRACKING,ADJUST,14.7,5.98,120.71
WO000874,DC4-052,CM,,2026-06-27,2026-06-27,,SENSOR,MISALIGNED,CLEAN,11.7,2.1,25.87
WO000875,DC4-052,CM,,2026-07-05,2026-07-07,,MOTOR,BEARING WEAR,REPLACE,11.7,5.47,1225.32
WO000876,DC4-053,PM,2025-09-25,2025-09-25,2025-10-09,LATE,,,,1.4,1.27,32.04
WO000877,DC4-053,PM,2025-10-25,2025-10-25,,SKIPPED,,,,0,0,0
WO000878,DC4-053,PM,2025-11-24,2025-11-24,,SKIPPED,,,,0,0,0
WO000879,DC4-053,PM,2025-12-24,2025-12-24,2026-01-04,LATE,,,,0.5,1.9,69.62
WO000880,DC4-053,PM,2026-01-23,2026-01-23,2026-01-23,ON TIME,,,,0.9,0.97,16.91
WO000881,DC4-053,PM,2026-02-22,2026-02-22,2026-02-24,ON TIME,,,,0.6,1.71,43.28
WO000882,DC4-053,PM,2026-03-24,2026-03-24,2026-03-26,ON TIME,,,,1.5,1.58,38.09
WO000883,DC4-053,PM,2026-04-23,2026-04-23,2026-04-25,ON TIME,,,,0.9,1.34,42.04
WO000884,DC4-053,PM,2026-05-23,2026-05-23,2026-05-24,ON TIME,,,,1.0,1.52,72.0
WO000885,DC4-053,PM,2026-06-22,2026-06-22,2026-06-24,ON TIME,,,,1.0,1.68,66.1
WO000886,DC4-053,PM,2026-07-22,2026-07-22,2026-07-25,ON TIME,,,,1.3,1.29,61.21
WO000887,DC4-053,PM,2026-08-21,2026-08-21,2026-09-05,LATE,,,,1.4,1.46,44.37
WO000888,DC4-053,PM,2026-09-20,2026-09-20,,OPEN,,,,0,0,0
WO000889,DC4-053,CM,,2025-09-30,2025-09-30,,MOTOR,OVERHEAT,REPLACE,15.0,5.96,2044.58
WO000890,DC4-053,CM,,2025-10-19,2025-10-19,,BELT,WEAR,ADJUST,3.8,5.01,43.96
WO000891,DC4-053,CM,,2025-11-25,2025-11-26,,BEARING,LUBRICATION,LUBRICATE,6.1,5.36,32.24
WO000892,DC4-053,CM,,2026-03-11,2026-03-11,,BELT,TRACKING,ADJUST,6.1,4.35,66.24
WO000893,DC4-053,CM,,2026-05-23,2026-05-23,,MOTOR,OVERHEAT,REPLACE,7.0,4.3,1539.17
WO000894,DC4-053,CM,,2026-07-24,2026-07-25,,MOTOR,OVERHEAT,REPLACE,13.0,1.03,447.21
WO000895,DC4-054,PM,2025-10-01,2025-10-01,2025-10-03,ON TIME,,,,1.1,1.06,32.29
WO000896,DC4-054,PM,2025-10-31,2025-10-31,2025-11-01,ON TIME,,,,0.6,1.9,66.37
WO000897,DC4-054,PM,2025-11-30,2025-11-30,2025-12-03,ON TIME,,,,1.3,0.91,64.25
WO000898,DC4-054,PM,2025-12-30,2025-12-30,2026-01-01,ON TIME,,,,0.9,1.6,58.01
WO000899,DC4-054,PM,2026-01-29,2026-01-29,2026-02-01,ON TIME,,,,1.3,1.43,87.89
WO000900,DC4-054,PM,2026-02-28,2026-02-28,2026-03-03,ON TIME,,,,0.5,1.39,54.41
WO000901,DC4-054,PM,2026-03-30,2026-03-30,2026-03-30,ON TIME,,,,1.1,1.04,76.75
WO000902,DC4-054,PM,2026-04-29,2026-04-29,2026-05-02,ON TIME,,,,1.4,1.38,17.01
WO000903,DC4-054,PM,2026-05-29,2026-05-29,2026-06-01,ON TIME,,,,1.5,0.8,81.16
WO000904,DC4-054,PM,2026-06-28,2026-06-28,2026-07-10,LATE,,,,0.8,1.0,23.59
WO000905,DC4-054,PM,2026-07-28,2026-07-28,,SKIPPED,,,,0,0,0
WO000906,DC4-054,PM,2026-08-27,2026-08-27,2026-08-27,ON TIME,,,,1.4,1.67,18.66
WO000907,DC4-054,CM,,2025-10-14,2025-10-15,,BELT,WEAR,ADJUST,14.5,4.31,55.55
WO000908,DC4-054,CM,,2025-10-22,2025-10-23,,BELT,TRACKING,ADJUST,9.2,5.73,60.7
WO000909,DC4-054,CM,,2025-12-31,2026-01-02,,BELT,WEAR,ADJUST,13.8,2.84,25.19
WO000910,DC4-054,CM,,2026-07-02,2026-07-04,,BELT,WEAR,ADJUST,9.7,5.17,15.72
WO000911,DC4-054,CM,,2026-08-14,2026-08-14,,BELT,TRACKING,ADJUST,8.9,2.92,135.79
WO000912,DC4-055,PM,2025-10-13,2025-10-13,2025-10-13,ON TIME,,,,1.1,0.82,47.69
WO000913,DC4-055,PM,2025-11-12,2025-11-12,2025-11-15,ON TIME,,,,1.0,1.86,70.84
WO000914,DC4-055,PM,2025-12-12,2025-12-12,2025-12-13,ON TIME,,,,1.3,1.73,26.85
WO000915,DC4-055,PM,2026-01-11,2026-01-11,2026-01-12,ON TIME,,,,1.1,1.35,42.43
WO000916,DC4-055,PM,2026-02-10,2026-02-10,2026-02-11,ON TIME,,,,1.4,1.73,44.5
WO000917,DC4-055,PM,2026-03-12,2026-03-12,2026-03-24,LATE,,,,1.3,1.27,63.87
WO000918,DC4-055,PM,2026-04-11,2026-04-11,2026-04-12,ON TIME,,,,0.8,1.1,80.28
WO000919,DC4-055,PM,2026-05-11,2026-05-11,2026-05-11,ON TIME,,,,1.2,1.77,56.43
WO000920,DC4-055,PM,2026-06-10,2026-06-10,2026-06-11,ON TIME,,,,1.3,1.73,25.73
WO000921,DC4-055,PM,2026-07-10,2026-07-10,2026-07-11,ON TIME,,,,1.1,1.83,71.74
WO000922,DC4-055,PM,2026-08-09,2026-08-09,2026-08-10,ON TIME,,,,1.4,1.05,84.07
WO000923,DC4-055,PM,2026-09-08,2026-09-08,2026-09-11,ON TIME,,,,1.4,0.8,28.22
WO000924,DC4-055,CM,,2025-10-17,2025-10-18,,BELT,TRACKING,ADJUST,5.2,5.07,30.78
WO000925,DC4-055,CM,,2025-11-22,2025-11-23,,BELT,TRACKING,ADJUST,9.6,5.63,144.59
WO000926,DC4-055,CM,,2026-04-05,2026-04-07,,BELT,WEAR,ADJUST,4.3,2.71,17.99
WO000927,DC4-055,CM,,2026-06-30,2026-06-30,,BEARING,LUBRICATION,LUBRICATE,4.5,2.26,37.43
WO000928,DC4-055,CM,,2026-09-14,2026-09-16,,BEARING,LUBRICATION,LUBRICATE,5.2,2.48,54.86
WO000929,DC4-056,PM,2025-09-25,2025-09-25,2025-09-28,ON TIME,,,,0.9,1.25,48.75
WO000930,DC4-056,PM,2025-10-25,2025-10-25,2025-10-25,ON TIME,,,,0.6,1.75,83.59
WO000931,DC4-056,PM,2025-11-24,2025-11-24,2025-11-25,ON TIME,,,,1.1,1.93,48.95
WO000932,DC4-056,PM,2025-12-24,2025-12-24,2025-12-25,ON TIME,,,,1.1,1.28,23.77
WO000933,DC4-056,PM,2026-01-23,2026-01-23,2026-01-24,ON TIME,,,,0.7,1.32,31.95
WO000934,DC4-056,PM,2026-02-22,2026-02-22,2026-02-24,ON TIME,,,,0.9,0.98,84.47
WO000935,DC4-056,PM,2026-03-24,2026-03-24,2026-03-27,ON TIME,,,,0.5,1.37,42.09
WO000936,DC4-056,PM,2026-04-23,2026-04-23,2026-04-24,ON TIME,,,,1.4,1.38,53.1
WO000937,DC4-056,PM,2026-05-23,2026-05-23,2026-05-24,ON TIME,,,,0.9,1.24,82.03
WO000938,DC4-056,PM,2026-06-22,2026-06-22,,SKIPPED,,,,0,0,0
WO000939,DC4-056,PM,2026-07-22,2026-07-22,2026-07-25,ON TIME,,,,1.0,1.84,53.83
WO000940,DC4-056,PM,2026-08-21,2026-08-21,2026-08-22,ON TIME,,,,0.7,1.38,31.81
WO000941,DC4-056,PM,2026-09-20,2026-09-20,2026-09-21,ON TIME,,,,1.3,1.9,17.99
WO000942,DC4-056,CM,,2025-09-26,2025-09-28,,BELT,WEAR,ADJUST,10.9,5.49,37.3
WO000943,DC4-056,CM,,2025-10-11,2025-10-12,,BELT,TRACKING,ADJUST,8.6,2.17,109.26
WO000944,DC4-056,CM,,2025-10-14,2025-10-16,,BELT,WEAR,ADJUST,9.9,5.33,69.55
WO000945,DC4-056,CM,,2025-11-07,2025-11-09,,BEARING,LUBRICATION,LUBRICATE,6.1,5.22,11.3
WO000946,DC4-056,CM,,2025-12-01,2025-12-03,,SENSOR,DIRT,CLEAN,3.3,1.48,20.75
WO000947,DC4-056,CM,,2026-07-16,2026-07-17,,SENSOR,MISALIGNED,CLEAN,15.5,4.55,38.99
WO000948,DC4-056,CM,,2026-07-27,2026-07-27,,BEARING,LUBRICATION,LUBRICATE,4.2,5.17,26.35
WO000949,DC4-056,CM,,2026-07-30,2026-07-30,,SENSOR,DIRT,CLEAN,9.6,4.46,5.11
WO000950,DC4-057,PM,2025-10-16,2025-10-16,2025-10-18,ON TIME,,,,1.0,0.86,60.98
WO000951,DC4-057,PM,2025-11-15,2025-11-15,2025-11-30,LATE,,,,1.0,1.34,55.12
WO000952,DC4-057,PM,2025-12-15,2025-12-15,2025-12-18,ON TIME,,,,1.1,1.66,61.92
WO000953,DC4-057,PM,2026-01-14,2026-01-14,2026-01-15,ON TIME,,,,1.0,1.1,33.59
WO000954,DC4-057,PM,2026-02-13,2026-02-13,2026-02-16,ON TIME,,,,0.7,1.06,32.31
WO000955,DC4-057,PM,2026-03-15,2026-03-15,2026-03-17,ON TIME,,,,0.7,1.0,53.98
WO000956,DC4-057,PM,2026-04-14,2026-04-14,,SKIPPED,,,,0,0,0
WO000957,DC4-057,PM,2026-05-14,2026-05-14,2026-05-15,ON TIME,,,,0.9,0.94,63.48
WO000958,DC4-057,PM,2026-06-13,2026-06-13,2026-07-01,LATE,,,,0.7,1.62,32.66
WO000959,DC4-057,PM,2026-07-13,2026-07-13,2026-07-29,LATE,,,,0.7,1.74,30.76
WO000960,DC4-057,PM,2026-08-12,2026-08-12,2026-08-15,ON TIME,,,,0.9,1.53,78.69
WO000961,DC4-057,PM,2026-09-11,2026-09-11,2026-09-11,ON TIME,,,,1.4,1.7,48.89
WO000962,DC4-057,CM,,2025-11-15,2025-11-15,,CONTROLS,WIRING,REPAIR,9.7,5.03,208.91
WO000963,DC4-057,CM,,2025-12-08,2025-12-08,,LIP,IMPACT,REPAIR,2.0,5.19,606.44
WO000964,DC4-057,CM,,2026-04-17,2026-04-19,,HYDRAULIC,HOSE WEAR,REPAIR,7.1,2.51,303.66
WO000965,DC4-058,PM,2025-10-02,2025-10-02,2025-10-04,ON TIME,,,,1.1,0.76,17.88
WO000966,DC4-058,PM,2025-11-01,2025-11-01,2025-11-03,ON TIME,,,,0.7,1.3,67.86
WO000967,DC4-058,PM,2025-12-01,2025-12-01,2025-12-03,ON TIME,,,,0.5,0.93,52.15
WO000968,DC4-058,PM,2025-12-31,2025-12-31,,SKIPPED,,,,0,0,0
WO000969,DC4-058,PM,2026-01-30,2026-01-30,2026-02-02,ON TIME,,,,0.6,1.57,64.69
WO000970,DC4-058,PM,2026-03-01,2026-03-01,2026-03-01,ON TIME,,,,0.5,1.51,87.74
WO000971,DC4-058,PM,2026-03-31,2026-03-31,2026-04-01,ON TIME,,,,1.4,1.58,79.18
WO000972,DC4-058,PM,2026-04-30,2026-04-30,2026-05-03,ON TIME,,,,0.9,1.35,26.32
WO000973,DC4-058,PM,2026-05-30,2026-05-30,2026-06-02,ON TIME,,,,0.7,1.07,33.75
WO000974,DC4-058,PM,2026-06-29,2026-06-29,2026-07-02,ON TIME,,,,1.2,1.24,89.61
WO000975,DC4-058,PM,2026-07-29,2026-07-29,2026-07-30,ON TIME,,,,0.6,1.95,70.89
WO000976,DC4-058,PM,2026-08-28,2026-08-28,2026-08-30,ON TIME,,,,0.7,1.83,21.61
WO000977,DC4-058,CM,,2026-01-21,2026-01-21,,HYDRAULIC,HOSE WEAR,REPAIR,4.9,3.09,284.68
WO000978,DC4-058,CM,,2026-03-17,2026-03-17,,LIP,HINGE WEAR,REPAIR,2.5,2.71,652.38
WO000979,DC4-059,PM,2025-09-24,2025-09-24,2025-09-25,ON TIME,,,,0.7,1.19,23.78
WO000980,DC4-059,PM,2025-10-24,2025-10-24,,SKIPPED,,,,0,0,0
WO000981,DC4-059,PM,2025-11-23,2025-11-23,2025-11-23,ON TIME,,,,0.5,1.85,34.37
WO000982,DC4-059,PM,2025-12-23,2025-12-23,2025-12-25,ON TIME,,,,1.2,1.02,79.78
WO000983,DC4-059,PM,2026-01-22,2026-01-22,,SKIPPED,,,,0,0,0
WO000984,DC4-059,PM,2026-02-21,2026-02-21,2026-02-24,ON TIME,,,,0.8,1.9,67.73
WO000985,DC4-059,PM,2026-03-23,2026-03-23,2026-03-26,ON TIME,,,,0.8,1.13,75.01
WO000986,DC4-059,PM,2026-04-22,2026-04-22,2026-04-23,ON TIME,,,,1.3,1.03,21.65
WO000987,DC4-059,PM,2026-05-22,2026-05-22,2026-05-23,ON TIME,,,,0.6,1.72,42.61
WO000988,DC4-059,PM,2026-06-21,2026-06-21,,SKIPPED,,,,0,0,0
WO000989,DC4-059,PM,2026-07-21,2026-07-21,2026-08-05,LATE,,,,0.8,1.57,58.98
WO000990,DC4-059,PM,2026-08-20,2026-08-20,2026-08-23,ON TIME,,,,1.3,1.97,27.96
WO000991,DC4-059,PM,2026-09-19,2026-09-19,2026-09-21,ON TIME,,,,0.6,0.83,60.84
WO000992,DC4-059,CM,,2026-01-31,2026-02-01,,HYDRAULIC,HOSE WEAR,REPAIR,5.3,2.15,289.63
WO000993,DC4-059,CM,,2026-02-22,2026-02-23,,LIP,HINGE WEAR,REPAIR,8.3,3.3,300.24
WO000994,DC4-059,CM,,2026-06-12,2026-06-12,,HYDRAULIC,HOSE WEAR,REPAIR,7.3,1.17,262.71
WO000995,DC4-059,CM,,2026-06-15,2026-06-16,,HYDRAULIC,HOSE WEAR,REPAIR,8.9,2.82,731.03
WO000996,DC4-059,CM,,2026-07-19,2026-07-21,,CONTROLS,SWITCH,REPAIR,5.5,2.93,679.08
WO000997,DC4-060,PM,2025-10-08,2025-10-08,2025-10-10,ON TIME,,,,0.8,1.33,87.62
WO000998,DC4-060,PM,2025-11-07,2025-11-07,2025-11-10,ON TIME,,,,1.2,1.54,20.68
WO000999,DC4-060,PM,2025-12-07,2025-12-07,2025-12-10,ON TIME,,,,0.7,1.79,87.74
WO001000,DC4-060,PM,2026-01-06,2026-01-06,2026-01-06,ON TIME,,,,1.5,0.91,15.03
WO001001,DC4-060,PM,2026-02-05,2026-02-05,2026-02-07,ON TIME,,,,0.9,1.52,19.54
WO001002,DC4-060,PM,2026-03-07,2026-03-07,2026-03-07,ON TIME,,,,0.8,1.02,71.27
WO001003,DC4-060,PM,2026-04-06,2026-04-06,2026-04-07,ON TIME,,,,0.8,1.95,64.99
WO001004,DC4-060,PM,2026-05-06,2026-05-06,2026-05-07,ON TIME,,,,0.6,0.81,42.43
WO001005,DC4-060,PM,2026-06-05,2026-06-05,2026-06-06,ON TIME,,,,1.3,1.61,46.78
WO001006,DC4-060,PM,2026-07-05,2026-07-05,2026-07-08,ON TIME,,,,0.8,1.68,29.28
WO001007,DC4-060,PM,2026-08-04,2026-08-04,2026-08-16,LATE,,,,1.1,1.24,82.1
WO001008,DC4-060,PM,2026-09-03,2026-09-03,,SKIPPED,,,,0,0,0
WO001009,DC4-060,CM,,2026-09-05,2026-09-06,,LIP,IMPACT,REPAIR,9.4,2.42,828.02
