sales_date,store_id,sku_id,units_sold
2026-08-26,101,118634,5
2026-08-26,101,184220,1
2026-08-26,101,551902,2
2026-08-26,101,774015,0
2026-08-26,101,445880,0
2026-08-26,101,229045,1
2026-08-26,101,667301,1
2026-08-26,101,330112,2
2026-08-26,101,330118,4
2026-08-26,101,441201,0
2026-08-26,101,118640,6
2026-08-26,101,118655,6
2026-08-26,101,184230,4
2026-08-26,101,184240,4
2026-08-26,101,551910,2
2026-08-26,101,551920,1
2026-08-26,101,774020,0
2026-08-26,101,774030,1
2026-08-26,101,445890,1
2026-08-26,101,229050,8
2026-08-26,101,229060,2
2026-08-26,101,667310,1
2026-08-26,101,667320,2
2026-08-26,101,330120,7
2026-08-26,101,441210,1
2026-08-26,101,441220,0
2026-08-26,101,990101,1
2026-08-26,101,990110,1
2026-08-26,101,990120,0
2026-08-26,101,118670,7
2026-08-26,101,118680,6
2026-08-26,101,184250,3
2026-08-26,101,774040,1
2026-08-26,101,551930,6
2026-08-26,101,229070,2
2026-08-26,101,330130,5
2026-08-26,101,667330,3
2026-08-26,101,441230,0
2026-08-26,101,990130,4
2026-08-26,101,118690,4
2026-08-26,102,118634,7
2026-08-26,102,184220,2
2026-08-26,102,551902,5
2026-08-26,102,774015,2
2026-08-26,102,445880,2
2026-08-26,102,229045,0
2026-08-26,102,667301,2
2026-08-26,102,330112,6
2026-08-26,102,330118,5
2026-08-26,102,441201,1
2026-08-26,102,118640,4
2026-08-26,102,118655,4
2026-08-26,102,184230,6
2026-08-26,102,184240,6
2026-08-26,102,551910,6
2026-08-26,102,551920,1
2026-08-26,102,774020,3
2026-08-26,102,774030,1
2026-08-26,102,445890,0
2026-08-26,102,229050,3
2026-08-26,102,229060,1
2026-08-26,102,667310,1
2026-08-26,102,667320,2
2026-08-26,102,330120,5
2026-08-26,102,441210,0
2026-08-26,102,441220,2
2026-08-26,102,990101,2
2026-08-26,102,990110,3
2026-08-26,102,990120,4
2026-08-26,102,118670,3
2026-08-26,102,118680,5
2026-08-26,102,184250,2
2026-08-26,102,774040,2
2026-08-26,102,551930,2
2026-08-26,102,229070,0
2026-08-26,102,330130,1
2026-08-26,102,667330,4
2026-08-26,102,441230,0
2026-08-26,102,990130,5
2026-08-26,102,118690,3
2026-08-26,103,118634,2
2026-08-26,103,184220,2
2026-08-26,103,551902,4
2026-08-26,103,774015,0
2026-08-26,103,445880,1
2026-08-26,103,229045,2
2026-08-26,103,667301,4
2026-08-26,103,330112,3
2026-08-26,103,330118,3
2026-08-26,103,441201,1
2026-08-26,103,118640,4
2026-08-26,103,118655,5
2026-08-26,103,184230,4
2026-08-26,103,184240,4
2026-08-26,103,551910,4
2026-08-26,103,551920,4
2026-08-26,103,774020,2
2026-08-26,103,774030,3
2026-08-26,103,445890,4
2026-08-26,103,229050,1
2026-08-26,103,229060,2
2026-08-26,103,667310,1
2026-08-26,103,667320,1
2026-08-26,103,330120,4
2026-08-26,103,441210,2
2026-08-26,103,441220,0
2026-08-26,103,990101,3
2026-08-26,103,990110,7
2026-08-26,103,990120,2
2026-08-26,103,118670,2
2026-08-26,103,118680,2
2026-08-26,103,184250,1
2026-08-26,103,774040,3
2026-08-26,103,551930,1
2026-08-26,103,229070,1
2026-08-26,103,330130,1
2026-08-26,103,667330,3
2026-08-26,103,441230,1
2026-08-26,103,990130,8
2026-08-26,103,118690,3
2026-08-27,101,118634,5
2026-08-27,101,184220,5
2026-08-27,101,551902,4
2026-08-27,101,774015,1
2026-08-27,101,445880,2
2026-08-27,101,229045,0
2026-08-27,101,667301,2
2026-08-27,101,330112,8
2026-08-27,101,330118,2
2026-08-27,101,441201,0
2026-08-27,101,118640,2
2026-08-27,101,118655,6
2026-08-27,101,184230,1
2026-08-27,101,184240,8
2026-08-27,101,551910,2
2026-08-27,101,551920,4
2026-08-27,101,774020,1
2026-08-27,101,774030,1
2026-08-27,101,445890,2
2026-08-27,101,229050,3
2026-08-27,101,229060,2
2026-08-27,101,667310,1
2026-08-27,101,667320,3
2026-08-27,101,330120,3
2026-08-27,101,441210,0
2026-08-27,101,441220,0
2026-08-27,101,990101,5
2026-08-27,101,990110,0
2026-08-27,101,990120,3
2026-08-27,101,118670,9
2026-08-27,101,118680,3
2026-08-27,101,184250,1
2026-08-27,101,774040,0
2026-08-27,101,551930,6
2026-08-27,101,229070,0
2026-08-27,101,330130,6
2026-08-27,101,667330,1
2026-08-27,101,441230,0
2026-08-27,101,990130,6
2026-08-27,101,118690,4
2026-08-27,102,118634,8
2026-08-27,102,184220,7
2026-08-27,102,551902,2
2026-08-27,102,774015,0
2026-08-27,102,445880,4
2026-08-27,102,229045,1
2026-08-27,102,667301,1
2026-08-27,102,330112,2
2026-08-27,102,330118,1
2026-08-27,102,441201,1
2026-08-27,102,118640,3
2026-08-27,102,118655,9
2026-08-27,102,184230,6
2026-08-27,102,184240,1
2026-08-27,102,551910,3
2026-08-27,102,551920,3
2026-08-27,102,774020,2
2026-08-27,102,774030,0
2026-08-27,102,445890,1
2026-08-27,102,229050,4
2026-08-27,102,229060,1
2026-08-27,102,667310,2
2026-08-27,102,667320,4
2026-08-27,102,330120,7
2026-08-27,102,441210,0
2026-08-27,102,441220,1
2026-08-27,102,990101,1
2026-08-27,102,990110,2
2026-08-27,102,990120,0
2026-08-27,102,118670,3
2026-08-27,102,118680,3
2026-08-27,102,184250,0
2026-08-27,102,774040,0
2026-08-27,102,551930,6
2026-08-27,102,229070,1
2026-08-27,102,330130,2
2026-08-27,102,667330,4
2026-08-27,102,441230,2
2026-08-27,102,990130,3
2026-08-27,102,118690,2
2026-08-27,103,118634,4
2026-08-27,103,184220,2
2026-08-27,103,551902,4
2026-08-27,103,774015,2
2026-08-27,103,445880,2
2026-08-27,103,229045,1
2026-08-27,103,667301,1
2026-08-27,103,330112,0
2026-08-27,103,330118,1
2026-08-27,103,441201,2
2026-08-27,103,118640,0
2026-08-27,103,118655,3
2026-08-27,103,184230,4
2026-08-27,103,184240,1
2026-08-27,103,551910,3
2026-08-27,103,551920,1
2026-08-27,103,774020,2
2026-08-27,103,774030,0
2026-08-27,103,445890,2
2026-08-27,103,229050,3
2026-08-27,103,229060,2
2026-08-27,103,667310,1
2026-08-27,103,667320,2
2026-08-27,103,330120,5
2026-08-27,103,441210,1
2026-08-27,103,441220,2
2026-08-27,103,990101,3
2026-08-27,103,990110,2
2026-08-27,103,990120,3
2026-08-27,103,118670,3
2026-08-27,103,118680,0
2026-08-27,103,184250,1
2026-08-27,103,774040,1
2026-08-27,103,551930,2
2026-08-27,103,229070,3
2026-08-27,103,330130,3
2026-08-27,103,667330,2
2026-08-27,103,441230,2
2026-08-27,103,990130,4
2026-08-27,103,118690,2
2026-08-28,101,118634,11
2026-08-28,101,184220,2
2026-08-28,101,551902,4
2026-08-28,101,774015,2
2026-08-28,101,445880,3
2026-08-28,101,229045,1
2026-08-28,101,667301,0
2026-08-28,101,330112,2
2026-08-28,101,330118,2
2026-08-28,101,441201,0
2026-08-28,101,118640,10
2026-08-28,101,118655,6
2026-08-28,101,184230,3
2026-08-28,101,184240,2
2026-08-28,101,551910,8
2026-08-28,101,551920,2
2026-08-28,101,774020,1
2026-08-28,101,774030,1
2026-08-28,101,445890,2
2026-08-28,101,229050,1
2026-08-28,101,229060,2
2026-08-28,101,667310,1
2026-08-28,101,667320,1
2026-08-28,101,330120,5
2026-08-28,101,441210,0
2026-08-28,101,441220,2
2026-08-28,101,990101,3
2026-08-28,101,990110,2
2026-08-28,101,990120,4
2026-08-28,101,118670,1
2026-08-28,101,118680,5
2026-08-28,101,184250,4
2026-08-28,101,774040,0
2026-08-28,101,551930,3
2026-08-28,101,229070,1
2026-08-28,101,330130,5
2026-08-28,101,667330,4
2026-08-28,101,441230,0
2026-08-28,101,990130,3
2026-08-28,101,118690,4
2026-08-28,102,118634,4
2026-08-28,102,184220,2
2026-08-28,102,551902,3
2026-08-28,102,774015,0
2026-08-28,102,445880,1
2026-08-28,102,229045,2
2026-08-28,102,667301,4
2026-08-28,102,330112,3
2026-08-28,102,330118,1
2026-08-28,102,441201,0
2026-08-28,102,118640,1
2026-08-28,102,118655,0
2026-08-28,102,184230,9
2026-08-28,102,184240,4
2026-08-28,102,551910,3
2026-08-28,102,551920,2
2026-08-28,102,774020,0
2026-08-28,102,774030,0
2026-08-28,102,445890,3
2026-08-28,102,229050,5
2026-08-28,102,229060,1
2026-08-28,102,667310,4
2026-08-28,102,667320,5
2026-08-28,102,330120,6
2026-08-28,102,441210,1
2026-08-28,102,441220,4
2026-08-28,102,990101,8
2026-08-28,102,990110,4
2026-08-28,102,990120,5
2026-08-28,102,118670,2
2026-08-28,102,118680,2
2026-08-28,102,184250,0
2026-08-28,102,774040,1
2026-08-28,102,551930,2
2026-08-28,102,229070,0
2026-08-28,102,330130,1
2026-08-28,102,667330,2
2026-08-28,102,441230,0
2026-08-28,102,990130,3
2026-08-28,102,118690,3
2026-08-28,103,118634,2
2026-08-28,103,184220,2
2026-08-28,103,551902,2
2026-08-28,103,774015,1
2026-08-28,103,445880,1
2026-08-28,103,229045,0
2026-08-28,103,667301,4
2026-08-28,103,330112,4
2026-08-28,103,330118,2
2026-08-28,103,441201,1
2026-08-28,103,118640,2
2026-08-28,103,118655,6
2026-08-28,103,184230,6
2026-08-28,103,184240,3
2026-08-28,103,551910,4
2026-08-28,103,551920,2
2026-08-28,103,774020,1
2026-08-28,103,774030,1
2026-08-28,103,445890,2
2026-08-28,103,229050,3
2026-08-28,103,229060,5
2026-08-28,103,667310,0
2026-08-28,103,667320,3
2026-08-28,103,330120,7
2026-08-28,103,441210,1
2026-08-28,103,441220,0
2026-08-28,103,990101,7
2026-08-28,103,990110,2
2026-08-28,103,990120,0
2026-08-28,103,118670,4
2026-08-28,103,118680,1
2026-08-28,103,184250,0
2026-08-28,103,774040,1
2026-08-28,103,551930,5
2026-08-28,103,229070,0
2026-08-28,103,330130,0
2026-08-28,103,667330,5
2026-08-28,103,441230,0
2026-08-28,103,990130,2
2026-08-28,103,118690,3
2026-08-29,101,118634,8
2026-08-29,101,184220,5
2026-08-29,101,551902,3
2026-08-29,101,774015,1
2026-08-29,101,445880,1
2026-08-29,101,229045,0
2026-08-29,101,667301,1
2026-08-29,101,330112,4
2026-08-29,101,330118,2
2026-08-29,101,441201,0
2026-08-29,101,118640,8
2026-08-29,101,118655,3
2026-08-29,101,184230,8
2026-08-29,101,184240,4
2026-08-29,101,551910,8
2026-08-29,101,551920,2
2026-08-29,101,774020,1
2026-08-29,101,774030,1
2026-08-29,101,445890,2
2026-08-29,101,229050,5
2026-08-29,101,229060,2
2026-08-29,101,667310,0
2026-08-29,101,667320,4
2026-08-29,101,330120,4
2026-08-29,101,441210,0
2026-08-29,101,441220,0
2026-08-29,101,990101,6
2026-08-29,101,990110,5
2026-08-29,101,990120,3
2026-08-29,101,118670,11
2026-08-29,101,118680,5
2026-08-29,101,184250,4
2026-08-29,101,774040,1
2026-08-29,101,551930,4
2026-08-29,101,229070,2
2026-08-29,101,330130,5
2026-08-29,101,667330,1
2026-08-29,101,441230,0
2026-08-29,101,990130,5
2026-08-29,101,118690,6
2026-08-29,102,118634,5
2026-08-29,102,184220,4
2026-08-29,102,551902,6
2026-08-29,102,774015,1
2026-08-29,102,445880,3
2026-08-29,102,229045,4
2026-08-29,102,667301,1
2026-08-29,102,330112,4
2026-08-29,102,330118,1
2026-08-29,102,441201,2
2026-08-29,102,118640,6
2026-08-29,102,118655,6
2026-08-29,102,184230,4
2026-08-29,102,184240,2
2026-08-29,102,551910,3
2026-08-29,102,551920,1
2026-08-29,102,774020,3
2026-08-29,102,774030,0
2026-08-29,102,445890,2
2026-08-29,102,229050,3
2026-08-29,102,229060,2
2026-08-29,102,667310,1
2026-08-29,102,667320,4
2026-08-29,102,330120,6
2026-08-29,102,441210,0
2026-08-29,102,441220,2
2026-08-29,102,990101,3
2026-08-29,102,990110,4
2026-08-29,102,990120,1
2026-08-29,102,118670,3
2026-08-29,102,118680,3
2026-08-29,102,184250,3
2026-08-29,102,774040,0
2026-08-29,102,551930,6
2026-08-29,102,229070,2
2026-08-29,102,330130,6
2026-08-29,102,667330,5
2026-08-29,102,441230,5
2026-08-29,102,990130,4
2026-08-29,102,118690,7
2026-08-29,103,118634,8
2026-08-29,103,184220,3
2026-08-29,103,551902,2
2026-08-29,103,774015,1
2026-08-29,103,445880,1
2026-08-29,103,229045,2
2026-08-29,103,667301,1
2026-08-29,103,330112,3
2026-08-29,103,330118,2
2026-08-29,103,441201,1
2026-08-29,103,118640,2
2026-08-29,103,118655,1
2026-08-29,103,184230,3
2026-08-29,103,184240,5
2026-08-29,103,551910,6
2026-08-29,103,551920,5
2026-08-29,103,774020,2
2026-08-29,103,774030,1
2026-08-29,103,445890,4
2026-08-29,103,229050,3
2026-08-29,103,229060,1
2026-08-29,103,667310,2
2026-08-29,103,667320,4
2026-08-29,103,330120,4
2026-08-29,103,441210,1
2026-08-29,103,441220,0
2026-08-29,103,990101,2
2026-08-29,103,990110,5
2026-08-29,103,990120,2
2026-08-29,103,118670,2
2026-08-29,103,118680,2
2026-08-29,103,184250,2
2026-08-29,103,774040,1
2026-08-29,103,551930,6
2026-08-29,103,229070,2
2026-08-29,103,330130,4
2026-08-29,103,667330,3
2026-08-29,103,441230,1
2026-08-29,103,990130,2
2026-08-29,103,118690,4
2026-08-30,101,118634,10
2026-08-30,101,184220,13
2026-08-30,101,551902,4
2026-08-30,101,774015,0
2026-08-30,101,445880,3
2026-08-30,101,229045,2
2026-08-30,101,667301,2
2026-08-30,101,330112,4
2026-08-30,101,330118,4
2026-08-30,101,441201,0
2026-08-30,101,118640,6
2026-08-30,101,118655,10
2026-08-30,101,184230,6
2026-08-30,101,184240,10
2026-08-30,101,551910,3
2026-08-30,101,551920,3
2026-08-30,101,774020,0
2026-08-30,101,774030,0
2026-08-30,101,445890,3
2026-08-30,101,229050,2
2026-08-30,101,229060,3
2026-08-30,101,667310,2
2026-08-30,101,667320,2
2026-08-30,101,330120,4
2026-08-30,101,441210,0
2026-08-30,101,441220,3
2026-08-30,101,990101,4
2026-08-30,101,990110,3
2026-08-30,101,990120,4
2026-08-30,101,118670,5
2026-08-30,101,118680,1
2026-08-30,101,184250,2
2026-08-30,101,774040,0
2026-08-30,101,551930,7
2026-08-30,101,229070,1
2026-08-30,101,330130,2
2026-08-30,101,667330,3
2026-08-30,101,441230,0
2026-08-30,101,990130,4
2026-08-30,101,118690,10
2026-08-30,102,118634,5
2026-08-30,102,184220,5
2026-08-30,102,551902,5
2026-08-30,102,774015,3
2026-08-30,102,445880,2
2026-08-30,102,229045,2
2026-08-30,102,667301,8
2026-08-30,102,330112,5
2026-08-30,102,330118,4
2026-08-30,102,441201,1
2026-08-30,102,118640,7
2026-08-30,102,118655,4
2026-08-30,102,184230,2
2026-08-30,102,184240,5
2026-08-30,102,551910,4
2026-08-30,102,551920,7
2026-08-30,102,774020,0
2026-08-30,102,774030,0
2026-08-30,102,445890,0
2026-08-30,102,229050,4
2026-08-30,102,229060,1
2026-08-30,102,667310,1
2026-08-30,102,667320,6
2026-08-30,102,330120,4
2026-08-30,102,441210,0
2026-08-30,102,441220,1
2026-08-30,102,990101,4
2026-08-30,102,990110,2
2026-08-30,102,990120,2
2026-08-30,102,118670,4
2026-08-30,102,118680,7
2026-08-30,102,184250,4
2026-08-30,102,774040,1
2026-08-30,102,551930,1
2026-08-30,102,229070,0
2026-08-30,102,330130,3
2026-08-30,102,667330,1
2026-08-30,102,441230,3
2026-08-30,102,990130,8
2026-08-30,102,118690,4
2026-08-30,103,118634,6
2026-08-30,103,184220,3
2026-08-30,103,551902,3
2026-08-30,103,774015,2
2026-08-30,103,445880,2
2026-08-30,103,229045,3
2026-08-30,103,667301,2
2026-08-30,103,330112,5
2026-08-30,103,330118,3
2026-08-30,103,441201,5
2026-08-30,103,118640,4
2026-08-30,103,118655,0
2026-08-30,103,184230,3
2026-08-30,103,184240,3
2026-08-30,103,551910,5
2026-08-30,103,551920,6
2026-08-30,103,774020,1
2026-08-30,103,774030,0
2026-08-30,103,445890,1
2026-08-30,103,229050,4
2026-08-30,103,229060,2
2026-08-30,103,667310,0
2026-08-30,103,667320,1
2026-08-30,103,330120,5
2026-08-30,103,441210,0
2026-08-30,103,441220,0
2026-08-30,103,990101,1
2026-08-30,103,990110,4
2026-08-30,103,990120,5
2026-08-30,103,118670,4
2026-08-30,103,118680,7
2026-08-30,103,184250,0
2026-08-30,103,774040,3
2026-08-30,103,551930,7
2026-08-30,103,229070,1
2026-08-30,103,330130,4
2026-08-30,103,667330,7
2026-08-30,103,441230,1
2026-08-30,103,990130,10
2026-08-30,103,118690,3
2026-08-31,101,118634,5
2026-08-31,101,184220,4
2026-08-31,101,551902,3
2026-08-31,101,774015,2
2026-08-31,101,445880,2
2026-08-31,101,229045,0
2026-08-31,101,667301,1
2026-08-31,101,330112,4
2026-08-31,101,330118,1
2026-08-31,101,441201,0
2026-08-31,101,118640,6
2026-08-31,101,118655,4
2026-08-31,101,184230,2
2026-08-31,101,184240,6
2026-08-31,101,551910,6
2026-08-31,101,551920,2
2026-08-31,101,774020,0
2026-08-31,101,774030,1
2026-08-31,101,445890,2
2026-08-31,101,229050,3
2026-08-31,101,229060,1
2026-08-31,101,667310,0
2026-08-31,101,667320,1
2026-08-31,101,330120,7
2026-08-31,101,441210,0
2026-08-31,101,441220,1
2026-08-31,101,990101,4
2026-08-31,101,990110,3
2026-08-31,101,990120,4
2026-08-31,101,118670,4
2026-08-31,101,118680,2
2026-08-31,101,184250,2
2026-08-31,101,774040,2
2026-08-31,101,551930,5
2026-08-31,101,229070,3
2026-08-31,101,330130,1
2026-08-31,101,667330,5
2026-08-31,101,441230,1
2026-08-31,101,990130,8
2026-08-31,101,118690,6
2026-08-31,102,118634,5
2026-08-31,102,184220,2
2026-08-31,102,551902,9
2026-08-31,102,774015,1
2026-08-31,102,445880,0
2026-08-31,102,229045,0
2026-08-31,102,667301,1
2026-08-31,102,330112,5
2026-08-31,102,330118,3
2026-08-31,102,441201,2
2026-08-31,102,118640,2
2026-08-31,102,118655,3
2026-08-31,102,184230,2
2026-08-31,102,184240,2
2026-08-31,102,551910,7
2026-08-31,102,551920,3
2026-08-31,102,774020,1
2026-08-31,102,774030,1
2026-08-31,102,445890,1
2026-08-31,102,229050,0
2026-08-31,102,229060,0
2026-08-31,102,667310,1
2026-08-31,102,667320,2
2026-08-31,102,330120,4
2026-08-31,102,441210,0
2026-08-31,102,441220,1
2026-08-31,102,990101,1
2026-08-31,102,990110,1
2026-08-31,102,990120,1
2026-08-31,102,118670,4
2026-08-31,102,118680,3
2026-08-31,102,184250,1
2026-08-31,102,774040,0
2026-08-31,102,551930,6
2026-08-31,102,229070,1
2026-08-31,102,330130,1
2026-08-31,102,667330,4
2026-08-31,102,441230,1
2026-08-31,102,990130,5
2026-08-31,102,118690,4
2026-08-31,103,118634,6
2026-08-31,103,184220,3
2026-08-31,103,551902,2
2026-08-31,103,774015,2
2026-08-31,103,445880,1
2026-08-31,103,229045,1
2026-08-31,103,667301,3
2026-08-31,103,330112,2
2026-08-31,103,330118,1
2026-08-31,103,441201,1
2026-08-31,103,118640,2
2026-08-31,103,118655,2
2026-08-31,103,184230,5
2026-08-31,103,184240,3
2026-08-31,103,551910,4
2026-08-31,103,551920,3
2026-08-31,103,774020,2
2026-08-31,103,774030,3
2026-08-31,103,445890,3
2026-08-31,103,229050,3
2026-08-31,103,229060,2
2026-08-31,103,667310,0
2026-08-31,103,667320,1
2026-08-31,103,330120,5
2026-08-31,103,441210,3
2026-08-31,103,441220,2
2026-08-31,103,990101,6
2026-08-31,103,990110,3
2026-08-31,103,990120,3
2026-08-31,103,118670,3
2026-08-31,103,118680,2
2026-08-31,103,184250,2
2026-08-31,103,774040,2
2026-08-31,103,551930,0
2026-08-31,103,229070,0
2026-08-31,103,330130,2
2026-08-31,103,667330,1
2026-08-31,103,441230,2
2026-08-31,103,990130,2
2026-08-31,103,118690,0
2026-09-01,101,118634,6
2026-09-01,101,184220,2
2026-09-01,101,551902,5
2026-09-01,101,774015,2
2026-09-01,101,445880,1
2026-09-01,101,229045,0
2026-09-01,101,667301,3
2026-09-01,101,330112,5
2026-09-01,101,330118,2
2026-09-01,101,441201,0
2026-09-01,101,118640,2
2026-09-01,101,118655,5
2026-09-01,101,184230,8
2026-09-01,101,184240,3
2026-09-01,101,551910,2
2026-09-01,101,551920,1
2026-09-01,101,774020,0
2026-09-01,101,774030,1
2026-09-01,101,445890,2
2026-09-01,101,229050,2
2026-09-01,101,229060,2
2026-09-01,101,667310,0
2026-09-01,101,667320,7
2026-09-01,101,330120,4
2026-09-01,101,441210,0
2026-09-01,101,441220,0
2026-09-01,101,990101,2
2026-09-01,101,990110,1
2026-09-01,101,990120,5
2026-09-01,101,118670,8
2026-09-01,101,118680,3
2026-09-01,101,184250,3
2026-09-01,101,774040,0
2026-09-01,101,551930,6
2026-09-01,101,229070,0
2026-09-01,101,330130,2
2026-09-01,101,667330,1
2026-09-01,101,441230,0
2026-09-01,101,990130,4
2026-09-01,101,118690,9
2026-09-01,102,118634,7
2026-09-01,102,184220,3
2026-09-01,102,551902,4
2026-09-01,102,774015,1
2026-09-01,102,445880,1
2026-09-01,102,229045,4
2026-09-01,102,667301,6
2026-09-01,102,330112,6
2026-09-01,102,330118,0
2026-09-01,102,441201,2
2026-09-01,102,118640,5
2026-09-01,102,118655,4
2026-09-01,102,184230,1
2026-09-01,102,184240,3
2026-09-01,102,551910,6
2026-09-01,102,551920,2
2026-09-01,102,774020,1
2026-09-01,102,774030,1
2026-09-01,102,445890,2
2026-09-01,102,229050,1
2026-09-01,102,229060,3
2026-09-01,102,667310,2
2026-09-01,102,667320,3
2026-09-01,102,330120,11
2026-09-01,102,441210,0
2026-09-01,102,441220,0
2026-09-01,102,990101,5
2026-09-01,102,990110,3
2026-09-01,102,990120,1
2026-09-01,102,118670,5
2026-09-01,102,118680,2
2026-09-01,102,184250,2
2026-09-01,102,774040,0
2026-09-01,102,551930,5
2026-09-01,102,229070,0
2026-09-01,102,330130,3
2026-09-01,102,667330,3
2026-09-01,102,441230,2
2026-09-01,102,990130,1
2026-09-01,102,118690,2
2026-09-01,103,118634,2
2026-09-01,103,184220,3
2026-09-01,103,551902,4
2026-09-01,103,774015,1
2026-09-01,103,445880,0
2026-09-01,103,229045,1
2026-09-01,103,667301,1
2026-09-01,103,330112,4
2026-09-01,103,330118,2
2026-09-01,103,441201,2
2026-09-01,103,118640,2
2026-09-01,103,118655,4
2026-09-01,103,184230,2
2026-09-01,103,184240,2
2026-09-01,103,551910,5
2026-09-01,103,551920,3
2026-09-01,103,774020,2
2026-09-01,103,774030,0
2026-09-01,103,445890,1
2026-09-01,103,229050,3
2026-09-01,103,229060,1
2026-09-01,103,667310,0
2026-09-01,103,667320,3
2026-09-01,103,330120,4
2026-09-01,103,441210,1
2026-09-01,103,441220,2
2026-09-01,103,990101,4
2026-09-01,103,990110,1
2026-09-01,103,990120,2
2026-09-01,103,118670,4
2026-09-01,103,118680,0
2026-09-01,103,184250,2
2026-09-01,103,774040,1
2026-09-01,103,551930,5
2026-09-01,103,229070,1
2026-09-01,103,330130,5
2026-09-01,103,667330,2
2026-09-01,103,441230,3
2026-09-01,103,990130,5
2026-09-01,103,118690,1
2026-09-02,101,118634,8
2026-09-02,101,184220,3
2026-09-02,101,551902,1
2026-09-02,101,774015,1
2026-09-02,101,445880,2
2026-09-02,101,229045,1
2026-09-02,101,667301,1
2026-09-02,101,330112,6
2026-09-02,101,330118,2
2026-09-02,101,441201,3
2026-09-02,101,118640,6
2026-09-02,101,118655,2
2026-09-02,101,184230,8
2026-09-02,101,184240,7
2026-09-02,101,551910,3
2026-09-02,101,551920,3
2026-09-02,101,774020,1
2026-09-02,101,774030,0
2026-09-02,101,445890,2
2026-09-02,101,229050,0
2026-09-02,101,229060,3
2026-09-02,101,667310,2
2026-09-02,101,667320,0
2026-09-02,101,330120,5
2026-09-02,101,441210,0
2026-09-02,101,441220,1
2026-09-02,101,990101,2
2026-09-02,101,990110,2
2026-09-02,101,990120,2
2026-09-02,101,118670,4
2026-09-02,101,118680,2
2026-09-02,101,184250,2
2026-09-02,101,774040,2
2026-09-02,101,551930,7
2026-09-02,101,229070,1
2026-09-02,101,330130,0
2026-09-02,101,667330,1
2026-09-02,101,441230,1
2026-09-02,101,990130,6
2026-09-02,101,118690,2
2026-09-02,102,118634,5
2026-09-02,102,184220,3
2026-09-02,102,551902,3
2026-09-02,102,774015,0
2026-09-02,102,445880,1
2026-09-02,102,229045,2
2026-09-02,102,667301,1
2026-09-02,102,330112,4
2026-09-02,102,330118,2
2026-09-02,102,441201,2
2026-09-02,102,118640,4
2026-09-02,102,118655,9
2026-09-02,102,184230,5
2026-09-02,102,184240,1
2026-09-02,102,551910,6
2026-09-02,102,551920,4
2026-09-02,102,774020,1
2026-09-02,102,774030,0
2026-09-02,102,445890,3
2026-09-02,102,229050,2
2026-09-02,102,229060,1
2026-09-02,102,667310,2
2026-09-02,102,667320,3
2026-09-02,102,330120,5
2026-09-02,102,441210,2
2026-09-02,102,441220,0
2026-09-02,102,990101,5
2026-09-02,102,990110,4
2026-09-02,102,990120,4
2026-09-02,102,118670,3
2026-09-02,102,118680,6
2026-09-02,102,184250,4
2026-09-02,102,774040,1
2026-09-02,102,551930,3
2026-09-02,102,229070,1
2026-09-02,102,330130,1
2026-09-02,102,667330,3
2026-09-02,102,441230,2
2026-09-02,102,990130,3
2026-09-02,102,118690,2
2026-09-02,103,118634,3
2026-09-02,103,184220,3
2026-09-02,103,551902,2
2026-09-02,103,774015,0
2026-09-02,103,445880,1
2026-09-02,103,229045,4
2026-09-02,103,667301,4
2026-09-02,103,330112,1
2026-09-02,103,330118,3
2026-09-02,103,441201,2
2026-09-02,103,118640,3
2026-09-02,103,118655,7
2026-09-02,103,184230,3
2026-09-02,103,184240,3
2026-09-02,103,551910,8
2026-09-02,103,551920,3
2026-09-02,103,774020,3
2026-09-02,103,774030,0
2026-09-02,103,445890,3
2026-09-02,103,229050,3
2026-09-02,103,229060,1
2026-09-02,103,667310,1
2026-09-02,103,667320,0
2026-09-02,103,330120,6
2026-09-02,103,441210,1
2026-09-02,103,441220,2
2026-09-02,103,990101,4
2026-09-02,103,990110,0
2026-09-02,103,990120,4
2026-09-02,103,118670,1
2026-09-02,103,118680,3
2026-09-02,103,184250,1
2026-09-02,103,774040,2
2026-09-02,103,551930,3
2026-09-02,103,229070,0
2026-09-02,103,330130,0
2026-09-02,103,667330,2
2026-09-02,103,441230,2
2026-09-02,103,990130,8
2026-09-02,103,118690,4
2026-09-03,101,118634,12
2026-09-03,101,184220,3
2026-09-03,101,551902,1
2026-09-03,101,774015,1
2026-09-03,101,445880,3
2026-09-03,101,229045,1
2026-09-03,101,667301,4
2026-09-03,101,330112,3
2026-09-03,101,330118,2
2026-09-03,101,441201,0
2026-09-03,101,118640,9
2026-09-03,101,118655,1
2026-09-03,101,184230,9
2026-09-03,101,184240,6
2026-09-03,101,551910,4
2026-09-03,101,551920,2
2026-09-03,101,774020,2
2026-09-03,101,774030,0
2026-09-03,101,445890,3
2026-09-03,101,229050,3
2026-09-03,101,229060,1
2026-09-03,101,667310,0
2026-09-03,101,667320,4
2026-09-03,101,330120,7
2026-09-03,101,441210,0
2026-09-03,101,441220,0
2026-09-03,101,990101,1
2026-09-03,101,990110,5
2026-09-03,101,990120,2
2026-09-03,101,118670,5
2026-09-03,101,118680,2
2026-09-03,101,184250,3
2026-09-03,101,774040,2
2026-09-03,101,551930,7
2026-09-03,101,229070,2
2026-09-03,101,330130,2
2026-09-03,101,667330,2
2026-09-03,101,441230,0
2026-09-03,101,990130,1
2026-09-03,101,118690,4
2026-09-03,102,118634,3
2026-09-03,102,184220,3
2026-09-03,102,551902,4
2026-09-03,102,774015,0
2026-09-03,102,445880,2
2026-09-03,102,229045,1
2026-09-03,102,667301,3
2026-09-03,102,330112,5
2026-09-03,102,330118,1
2026-09-03,102,441201,1
2026-09-03,102,118640,4
2026-09-03,102,118655,4
2026-09-03,102,184230,6
2026-09-03,102,184240,3
2026-09-03,102,551910,2
2026-09-03,102,551920,4
2026-09-03,102,774020,0
2026-09-03,102,774030,3
2026-09-03,102,445890,4
2026-09-03,102,229050,3
2026-09-03,102,229060,3
2026-09-03,102,667310,2
2026-09-03,102,667320,5
2026-09-03,102,330120,7
2026-09-03,102,441210,4
2026-09-03,102,441220,0
2026-09-03,102,990101,3
2026-09-03,102,990110,1
2026-09-03,102,990120,4
2026-09-03,102,118670,3
2026-09-03,102,118680,5
2026-09-03,102,184250,3
2026-09-03,102,774040,1
2026-09-03,102,551930,6
2026-09-03,102,229070,2
2026-09-03,102,330130,2
2026-09-03,102,667330,4
2026-09-03,102,441230,0
2026-09-03,102,990130,5
2026-09-03,102,118690,1
2026-09-03,103,118634,5
2026-09-03,103,184220,3
2026-09-03,103,551902,2
2026-09-03,103,774015,1
2026-09-03,103,445880,1
2026-09-03,103,229045,1
2026-09-03,103,667301,1
2026-09-03,103,330112,4
2026-09-03,103,330118,1
2026-09-03,103,441201,1
2026-09-03,103,118640,4
2026-09-03,103,118655,4
2026-09-03,103,184230,4
2026-09-03,103,184240,4
2026-09-03,103,551910,7
2026-09-03,103,551920,4
2026-09-03,103,774020,2
2026-09-03,103,774030,0
2026-09-03,103,445890,3
2026-09-03,103,229050,2
2026-09-03,103,229060,1
2026-09-03,103,667310,2
2026-09-03,103,667320,1
2026-09-03,103,330120,4
2026-09-03,103,441210,0
2026-09-03,103,441220,1
2026-09-03,103,990101,2
2026-09-03,103,990110,1
2026-09-03,103,990120,1
2026-09-03,103,118670,1
2026-09-03,103,118680,4
2026-09-03,103,184250,3
2026-09-03,103,774040,0
2026-09-03,103,551930,8
2026-09-03,103,229070,0
2026-09-03,103,330130,3
2026-09-03,103,667330,0
2026-09-03,103,441230,1
2026-09-03,103,990130,3
2026-09-03,103,118690,4
2026-09-04,101,118634,6
2026-09-04,101,184220,3
2026-09-04,101,551902,4
2026-09-04,101,774015,1
2026-09-04,101,445880,1
2026-09-04,101,229045,1
2026-09-04,101,667301,2
2026-09-04,101,330112,1
2026-09-04,101,330118,4
2026-09-04,101,441201,1
2026-09-04,101,118640,6
2026-09-04,101,118655,8
2026-09-04,101,184230,5
2026-09-04,101,184240,2
2026-09-04,101,551910,6
2026-09-04,101,551920,0
2026-09-04,101,774020,0
2026-09-04,101,774030,0
2026-09-04,101,445890,3
2026-09-04,101,229050,2
2026-09-04,101,229060,2
2026-09-04,101,667310,3
2026-09-04,101,667320,1
2026-09-04,101,330120,6
2026-09-04,101,441210,0
2026-09-04,101,441220,0
2026-09-04,101,990101,3
2026-09-04,101,990110,3
2026-09-04,101,990120,3
2026-09-04,101,118670,2
2026-09-04,101,118680,3
2026-09-04,101,184250,2
2026-09-04,101,774040,0
2026-09-04,101,551930,2
2026-09-04,101,229070,1
2026-09-04,101,330130,1
2026-09-04,101,667330,3
2026-09-04,101,441230,2
2026-09-04,101,990130,2
2026-09-04,101,118690,1
2026-09-04,102,118634,8
2026-09-04,102,184220,2
2026-09-04,102,551902,5
2026-09-04,102,774015,2
2026-09-04,102,445880,2
2026-09-04,102,229045,1
2026-09-04,102,667301,4
2026-09-04,102,330112,6
2026-09-04,102,330118,2
2026-09-04,102,441201,1
2026-09-04,102,118640,4
2026-09-04,102,118655,4
2026-09-04,102,184230,6
2026-09-04,102,184240,7
2026-09-04,102,551910,2
2026-09-04,102,551920,1
2026-09-04,102,774020,2
2026-09-04,102,774030,0
2026-09-04,102,445890,2
2026-09-04,102,229050,4
2026-09-04,102,229060,2
2026-09-04,102,667310,1
2026-09-04,102,667320,2
2026-09-04,102,330120,3
2026-09-04,102,441210,0
2026-09-04,102,441220,1
2026-09-04,102,990101,4
2026-09-04,102,990110,1
2026-09-04,102,990120,1
2026-09-04,102,118670,2
2026-09-04,102,118680,1
2026-09-04,102,184250,0
2026-09-04,102,774040,0
2026-09-04,102,551930,8
2026-09-04,102,229070,1
2026-09-04,102,330130,2
2026-09-04,102,667330,1
2026-09-04,102,441230,1
2026-09-04,102,990130,2
2026-09-04,102,118690,5
2026-09-04,103,118634,7
2026-09-04,103,184220,1
2026-09-04,103,551902,1
2026-09-04,103,774015,4
2026-09-04,103,445880,0
2026-09-04,103,229045,1
2026-09-04,103,667301,1
2026-09-04,103,330112,3
2026-09-04,103,330118,2
2026-09-04,103,441201,2
2026-09-04,103,118640,1
2026-09-04,103,118655,0
2026-09-04,103,184230,4
2026-09-04,103,184240,4
2026-09-04,103,551910,2
2026-09-04,103,551920,1
2026-09-04,103,774020,1
2026-09-04,103,774030,2
2026-09-04,103,445890,2
2026-09-04,103,229050,1
2026-09-04,103,229060,2
2026-09-04,103,667310,1
2026-09-04,103,667320,0
2026-09-04,103,330120,6
2026-09-04,103,441210,0
2026-09-04,103,441220,2
2026-09-04,103,990101,2
2026-09-04,103,990110,4
2026-09-04,103,990120,3
2026-09-04,103,118670,1
2026-09-04,103,118680,2
2026-09-04,103,184250,2
2026-09-04,103,774040,2
2026-09-04,103,551930,3
2026-09-04,103,229070,2
2026-09-04,103,330130,5
2026-09-04,103,667330,2
2026-09-04,103,441230,0
2026-09-04,103,990130,2
2026-09-04,103,118690,2
2026-09-05,101,118634,10
2026-09-05,101,184220,5
2026-09-05,101,551902,3
2026-09-05,101,774015,2
2026-09-05,101,445880,2
2026-09-05,101,229045,1
2026-09-05,101,667301,1
2026-09-05,101,330112,2
2026-09-05,101,330118,3
2026-09-05,101,441201,0
2026-09-05,101,118640,4
2026-09-05,101,118655,8
2026-09-05,101,184230,9
2026-09-05,101,184240,6
2026-09-05,101,551910,4
2026-09-05,101,551920,2
2026-09-05,101,774020,3
2026-09-05,101,774030,0
2026-09-05,101,445890,5
2026-09-05,101,229050,4
2026-09-05,101,229060,1
2026-09-05,101,667310,2
2026-09-05,101,667320,2
2026-09-05,101,330120,7
2026-09-05,101,441210,1
2026-09-05,101,441220,0
2026-09-05,101,990101,8
2026-09-05,101,990110,3
2026-09-05,101,990120,3
2026-09-05,101,118670,5
2026-09-05,101,118680,4
2026-09-05,101,184250,2
2026-09-05,101,774040,0
2026-09-05,101,551930,3
2026-09-05,101,229070,0
2026-09-05,101,330130,2
2026-09-05,101,667330,3
2026-09-05,101,441230,0
2026-09-05,101,990130,4
2026-09-05,101,118690,3
2026-09-05,102,118634,8
2026-09-05,102,184220,9
2026-09-05,102,551902,4
2026-09-05,102,774015,2
2026-09-05,102,445880,2
2026-09-05,102,229045,1
2026-09-05,102,667301,5
2026-09-05,102,330112,1
2026-09-05,102,330118,3
2026-09-05,102,441201,0
2026-09-05,102,118640,2
2026-09-05,102,118655,3
2026-09-05,102,184230,3
2026-09-05,102,184240,5
2026-09-05,102,551910,2
2026-09-05,102,551920,7
2026-09-05,102,774020,0
2026-09-05,102,774030,3
2026-09-05,102,445890,5
2026-09-05,102,229050,2
2026-09-05,102,229060,2
2026-09-05,102,667310,3
2026-09-05,102,667320,3
2026-09-05,102,330120,9
2026-09-05,102,441210,2
2026-09-05,102,441220,0
2026-09-05,102,990101,6
2026-09-05,102,990110,2
2026-09-05,102,990120,3
2026-09-05,102,118670,4
2026-09-05,102,118680,6
2026-09-05,102,184250,6
2026-09-05,102,774040,1
2026-09-05,102,551930,3
2026-09-05,102,229070,1
2026-09-05,102,330130,6
2026-09-05,102,667330,1
2026-09-05,102,441230,0
2026-09-05,102,990130,10
2026-09-05,102,118690,0
2026-09-05,103,118634,5
2026-09-05,103,184220,5
2026-09-05,103,551902,3
2026-09-05,103,774015,2
2026-09-05,103,445880,1
2026-09-05,103,229045,3
2026-09-05,103,667301,4
2026-09-05,103,330112,6
2026-09-05,103,330118,2
2026-09-05,103,441201,0
2026-09-05,103,118640,3
2026-09-05,103,118655,6
2026-09-05,103,184230,4
2026-09-05,103,184240,5
2026-09-05,103,551910,3
2026-09-05,103,551920,3
2026-09-05,103,774020,4
2026-09-05,103,774030,4
2026-09-05,103,445890,4
2026-09-05,103,229050,1
2026-09-05,103,229060,2
2026-09-05,103,667310,1
2026-09-05,103,667320,5
2026-09-05,103,330120,1
2026-09-05,103,441210,3
2026-09-05,103,441220,2
2026-09-05,103,990101,5
2026-09-05,103,990110,0
2026-09-05,103,990120,3
2026-09-05,103,118670,4
2026-09-05,103,118680,3
2026-09-05,103,184250,3
2026-09-05,103,774040,3
2026-09-05,103,551930,4
2026-09-05,103,229070,0
2026-09-05,103,330130,5
2026-09-05,103,667330,3
2026-09-05,103,441230,4
2026-09-05,103,990130,6
2026-09-05,103,118690,5
2026-09-06,101,118634,12
2026-09-06,101,184220,4
2026-09-06,101,551902,5
2026-09-06,101,774015,3
2026-09-06,101,445880,2
2026-09-06,101,229045,1
2026-09-06,101,667301,3
2026-09-06,101,330112,7
2026-09-06,101,330118,3
2026-09-06,101,441201,2
2026-09-06,101,118640,5
2026-09-06,101,118655,12
2026-09-06,101,184230,6
2026-09-06,101,184240,7
2026-09-06,101,551910,11
2026-09-06,101,551920,1
2026-09-06,101,774020,1
2026-09-06,101,774030,0
2026-09-06,101,445890,1
2026-09-06,101,229050,4
2026-09-06,101,229060,1
2026-09-06,101,667310,1
2026-09-06,101,667320,2
2026-09-06,101,330120,6
2026-09-06,101,441210,1
2026-09-06,101,441220,0
2026-09-06,101,990101,6
2026-09-06,101,990110,1
2026-09-06,101,990120,5
2026-09-06,101,118670,6
2026-09-06,101,118680,6
2026-09-06,101,184250,2
2026-09-06,101,774040,1
2026-09-06,101,551930,4
2026-09-06,101,229070,1
2026-09-06,101,330130,1
2026-09-06,101,667330,3
2026-09-06,101,441230,1
2026-09-06,101,990130,6
2026-09-06,101,118690,3
2026-09-06,102,118634,12
2026-09-06,102,184220,4
2026-09-06,102,551902,4
2026-09-06,102,774015,3
2026-09-06,102,445880,3
2026-09-06,102,229045,1
2026-09-06,102,667301,4
2026-09-06,102,330112,4
2026-09-06,102,330118,2
2026-09-06,102,441201,3
2026-09-06,102,118640,7
2026-09-06,102,118655,5
2026-09-06,102,184230,4
2026-09-06,102,184240,4
2026-09-06,102,551910,11
2026-09-06,102,551920,3
2026-09-06,102,774020,2
2026-09-06,102,774030,0
2026-09-06,102,445890,3
2026-09-06,102,229050,3
2026-09-06,102,229060,1
2026-09-06,102,667310,3
2026-09-06,102,667320,2
2026-09-06,102,330120,7
2026-09-06,102,441210,1
2026-09-06,102,441220,0
2026-09-06,102,990101,4
2026-09-06,102,990110,2
2026-09-06,102,990120,5
2026-09-06,102,118670,7
2026-09-06,102,118680,2
2026-09-06,102,184250,3
2026-09-06,102,774040,1
2026-09-06,102,551930,4
2026-09-06,102,229070,2
2026-09-06,102,330130,3
2026-09-06,102,667330,3
2026-09-06,102,441230,0
2026-09-06,102,990130,7
2026-09-06,102,118690,4
2026-09-06,103,118634,3
2026-09-06,103,184220,5
2026-09-06,103,551902,1
2026-09-06,103,774015,4
2026-09-06,103,445880,2
2026-09-06,103,229045,4
2026-09-06,103,667301,3
2026-09-06,103,330112,6
2026-09-06,103,330118,4
2026-09-06,103,441201,3
2026-09-06,103,118640,5
2026-09-06,103,118655,5
2026-09-06,103,184230,6
2026-09-06,103,184240,5
2026-09-06,103,551910,7
2026-09-06,103,551920,3
2026-09-06,103,774020,2
2026-09-06,103,774030,2
2026-09-06,103,445890,3
2026-09-06,103,229050,0
2026-09-06,103,229060,1
2026-09-06,103,667310,2
2026-09-06,103,667320,5
2026-09-06,103,330120,10
2026-09-06,103,441210,1
2026-09-06,103,441220,2
2026-09-06,103,990101,6
2026-09-06,103,990110,4
2026-09-06,103,990120,7
2026-09-06,103,118670,5
2026-09-06,103,118680,2
2026-09-06,103,184250,0
2026-09-06,103,774040,3
2026-09-06,103,551930,4
2026-09-06,103,229070,0
2026-09-06,103,330130,5
2026-09-06,103,667330,6
2026-09-06,103,441230,2
2026-09-06,103,990130,6
2026-09-06,103,118690,3
2026-09-07,101,118634,11
2026-09-07,101,184220,2
2026-09-07,101,551902,6
2026-09-07,101,774015,1
2026-09-07,101,445880,2
2026-09-07,101,229045,1
2026-09-07,101,667301,2
2026-09-07,101,330112,4
2026-09-07,101,330118,3
2026-09-07,101,441201,0
2026-09-07,101,118640,4
2026-09-07,101,118655,7
2026-09-07,101,184230,7
2026-09-07,101,184240,3
2026-09-07,101,551910,4
2026-09-07,101,551920,5
2026-09-07,101,774020,2
2026-09-07,101,774030,0
2026-09-07,101,445890,0
2026-09-07,101,229050,1
2026-09-07,101,229060,2
2026-09-07,101,667310,1
2026-09-07,101,667320,2
2026-09-07,101,330120,2
2026-09-07,101,441210,1
2026-09-07,101,441220,1
2026-09-07,101,990101,2
2026-09-07,101,990110,1
2026-09-07,101,990120,2
2026-09-07,101,118670,9
2026-09-07,101,118680,2
2026-09-07,101,184250,5
2026-09-07,101,774040,1
2026-09-07,101,551930,5
2026-09-07,101,229070,2
2026-09-07,101,330130,1
2026-09-07,101,667330,0
2026-09-07,101,441230,0
2026-09-07,101,990130,3
2026-09-07,101,118690,1
2026-09-07,102,118634,3
2026-09-07,102,184220,3
2026-09-07,102,551902,5
2026-09-07,102,774015,0
2026-09-07,102,445880,2
2026-09-07,102,229045,4
2026-09-07,102,667301,3
2026-09-07,102,330112,5
2026-09-07,102,330118,2
2026-09-07,102,441201,2
2026-09-07,102,118640,4
2026-09-07,102,118655,2
2026-09-07,102,184230,6
2026-09-07,102,184240,4
2026-09-07,102,551910,2
2026-09-07,102,551920,0
2026-09-07,102,774020,1
2026-09-07,102,774030,2
2026-09-07,102,445890,2
2026-09-07,102,229050,3
2026-09-07,102,229060,1
2026-09-07,102,667310,0
2026-09-07,102,667320,9
2026-09-07,102,330120,5
2026-09-07,102,441210,1
2026-09-07,102,441220,0
2026-09-07,102,990101,3
2026-09-07,102,990110,3
2026-09-07,102,990120,3
2026-09-07,102,118670,2
2026-09-07,102,118680,5
2026-09-07,102,184250,3
2026-09-07,102,774040,2
2026-09-07,102,551930,5
2026-09-07,102,229070,0
2026-09-07,102,330130,2
2026-09-07,102,667330,5
2026-09-07,102,441230,0
2026-09-07,102,990130,6
2026-09-07,102,118690,3
2026-09-07,103,118634,2
2026-09-07,103,184220,2
2026-09-07,103,551902,5
2026-09-07,103,774015,2
2026-09-07,103,445880,0
2026-09-07,103,229045,1
2026-09-07,103,667301,2
2026-09-07,103,330112,4
2026-09-07,103,330118,2
2026-09-07,103,441201,1
2026-09-07,103,118640,3
2026-09-07,103,118655,3
2026-09-07,103,184230,2
2026-09-07,103,184240,2
2026-09-07,103,551910,7
2026-09-07,103,551920,2
2026-09-07,103,774020,1
2026-09-07,103,774030,1
2026-09-07,103,445890,0
2026-09-07,103,229050,2
2026-09-07,103,229060,2
2026-09-07,103,667310,1
2026-09-07,103,667320,1
2026-09-07,103,330120,4
2026-09-07,103,441210,0
2026-09-07,103,441220,1
2026-09-07,103,990101,8
2026-09-07,103,990110,6
2026-09-07,103,990120,2
2026-09-07,103,118670,1
2026-09-07,103,118680,4
2026-09-07,103,184250,0
2026-09-07,103,774040,4
2026-09-07,103,551930,2
2026-09-07,103,229070,2
2026-09-07,103,330130,1
2026-09-07,103,667330,2
2026-09-07,103,441230,1
2026-09-07,103,990130,4
2026-09-07,103,118690,0
2026-09-08,101,118634,11
2026-09-08,101,184220,6
2026-09-08,101,551902,5
2026-09-08,101,774015,0
2026-09-08,101,445880,4
2026-09-08,101,229045,1
2026-09-08,101,667301,0
2026-09-08,101,330112,3
2026-09-08,101,330118,2
2026-09-08,101,441201,2
2026-09-08,101,118640,3
2026-09-08,101,118655,4
2026-09-08,101,184230,7
2026-09-08,101,184240,10
2026-09-08,101,551910,2
2026-09-08,101,551920,2
2026-09-08,101,774020,0
2026-09-08,101,774030,3
2026-09-08,101,445890,3
2026-09-08,101,229050,2
2026-09-08,101,229060,2
2026-09-08,101,667310,0
2026-09-08,101,667320,2
2026-09-08,101,330120,5
2026-09-08,101,441210,0
2026-09-08,101,441220,0
2026-09-08,101,990101,5
2026-09-08,101,990110,5
2026-09-08,101,990120,3
2026-09-08,101,118670,7
2026-09-08,101,118680,5
2026-09-08,101,184250,2
2026-09-08,101,774040,0
2026-09-08,101,551930,5
2026-09-08,101,229070,3
2026-09-08,101,330130,1
2026-09-08,101,667330,1
2026-09-08,101,441230,0
2026-09-08,101,990130,1
2026-09-08,101,118690,2
2026-09-08,102,118634,2
2026-09-08,102,184220,1
2026-09-08,102,551902,2
2026-09-08,102,774015,3
2026-09-08,102,445880,1
2026-09-08,102,229045,0
2026-09-08,102,667301,4
2026-09-08,102,330112,2
2026-09-08,102,330118,1
2026-09-08,102,441201,2
2026-09-08,102,118640,5
2026-09-08,102,118655,3
2026-09-08,102,184230,3
2026-09-08,102,184240,3
2026-09-08,102,551910,5
2026-09-08,102,551920,4
2026-09-08,102,774020,2
2026-09-08,102,774030,0
2026-09-08,102,445890,4
2026-09-08,102,229050,3
2026-09-08,102,229060,1
2026-09-08,102,667310,1
2026-09-08,102,667320,5
2026-09-08,102,330120,4
2026-09-08,102,441210,0
2026-09-08,102,441220,1
2026-09-08,102,990101,5
2026-09-08,102,990110,3
2026-09-08,102,990120,1
2026-09-08,102,118670,4
2026-09-08,102,118680,3
2026-09-08,102,184250,3
2026-09-08,102,774040,2
2026-09-08,102,551930,7
2026-09-08,102,229070,2
2026-09-08,102,330130,2
2026-09-08,102,667330,1
2026-09-08,102,441230,0
2026-09-08,102,990130,6
2026-09-08,102,118690,1
2026-09-08,103,118634,4
2026-09-08,103,184220,5
2026-09-08,103,551902,5
2026-09-08,103,774015,4
2026-09-08,103,445880,1
2026-09-08,103,229045,1
2026-09-08,103,667301,1
2026-09-08,103,330112,2
2026-09-08,103,330118,2
2026-09-08,103,441201,2
2026-09-08,103,118640,0
2026-09-08,103,118655,3
2026-09-08,103,184230,2
2026-09-08,103,184240,1
2026-09-08,103,551910,1
2026-09-08,103,551920,5
2026-09-08,103,774020,1
2026-09-08,103,774030,1
2026-09-08,103,445890,1
2026-09-08,103,229050,1
2026-09-08,103,229060,1
2026-09-08,103,667310,0
2026-09-08,103,667320,2
2026-09-08,103,330120,5
2026-09-08,103,441210,0
2026-09-08,103,441220,2
2026-09-08,103,990101,4
2026-09-08,103,990110,0
2026-09-08,103,990120,2
2026-09-08,103,118670,2
2026-09-08,103,118680,2
2026-09-08,103,184250,1
2026-09-08,103,774040,4
2026-09-08,103,551930,2
2026-09-08,103,229070,3
2026-09-08,103,330130,5
2026-09-08,103,667330,3
2026-09-08,103,441230,0
2026-09-08,103,990130,4
2026-09-08,103,118690,5
2026-09-09,101,118634,10
2026-09-09,101,184220,7
2026-09-09,101,551902,3
2026-09-09,101,774015,1
2026-09-09,101,445880,2
2026-09-09,101,229045,2
2026-09-09,101,667301,2
2026-09-09,101,330112,3
2026-09-09,101,330118,3
2026-09-09,101,441201,0
2026-09-09,101,118640,8
2026-09-09,101,118655,10
2026-09-09,101,184230,4
2026-09-09,101,184240,4
2026-09-09,101,551910,2
2026-09-09,101,551920,4
2026-09-09,101,774020,2
2026-09-09,101,774030,1
2026-09-09,101,445890,5
2026-09-09,101,229050,3
2026-09-09,101,229060,2
2026-09-09,101,667310,0
2026-09-09,101,667320,0
2026-09-09,101,330120,3
2026-09-09,101,441210,1
2026-09-09,101,441220,1
2026-09-09,101,990101,4
2026-09-09,101,990110,0
2026-09-09,101,990120,1
2026-09-09,101,118670,4
2026-09-09,101,118680,7
2026-09-09,101,184250,4
2026-09-09,101,774040,0
2026-09-09,101,551930,3
2026-09-09,101,229070,2
2026-09-09,101,330130,2
2026-09-09,101,667330,0
2026-09-09,101,441230,0
2026-09-09,101,990130,4
2026-09-09,101,118690,3
2026-09-09,102,118634,11
2026-09-09,102,184220,2
2026-09-09,102,551902,3
2026-09-09,102,774015,0
2026-09-09,102,445880,0
2026-09-09,102,229045,2
2026-09-09,102,667301,3
2026-09-09,102,330112,2
2026-09-09,102,330118,1
2026-09-09,102,441201,1
2026-09-09,102,118640,1
2026-09-09,102,118655,3
2026-09-09,102,184230,2
2026-09-09,102,184240,4
2026-09-09,102,551910,4
2026-09-09,102,551920,4
2026-09-09,102,774020,2
2026-09-09,102,774030,3
2026-09-09,102,445890,1
2026-09-09,102,229050,0
2026-09-09,102,229060,2
2026-09-09,102,667310,1
2026-09-09,102,667320,0
2026-09-09,102,330120,4
2026-09-09,102,441210,0
2026-09-09,102,441220,0
2026-09-09,102,990101,6
2026-09-09,102,990110,1
2026-09-09,102,990120,2
2026-09-09,102,118670,3
2026-09-09,102,118680,3
2026-09-09,102,184250,3
2026-09-09,102,774040,1
2026-09-09,102,551930,4
2026-09-09,102,229070,2
2026-09-09,102,330130,2
2026-09-09,102,667330,1
2026-09-09,102,441230,1
2026-09-09,102,990130,4
2026-09-09,102,118690,1
2026-09-09,103,118634,1
2026-09-09,103,184220,0
2026-09-09,103,551902,0
2026-09-09,103,774015,4
2026-09-09,103,445880,0
2026-09-09,103,229045,3
2026-09-09,103,667301,0
2026-09-09,103,330112,5
2026-09-09,103,330118,2
2026-09-09,103,441201,5
2026-09-09,103,118640,3
2026-09-09,103,118655,4
2026-09-09,103,184230,2
2026-09-09,103,184240,2
2026-09-09,103,551910,5
2026-09-09,103,551920,1
2026-09-09,103,774020,2
2026-09-09,103,774030,2
2026-09-09,103,445890,1
2026-09-09,103,229050,0
2026-09-09,103,229060,2
2026-09-09,103,667310,1
2026-09-09,103,667320,1
2026-09-09,103,330120,4
2026-09-09,103,441210,0
2026-09-09,103,441220,3
2026-09-09,103,990101,0
2026-09-09,103,990110,2
2026-09-09,103,990120,1
2026-09-09,103,118670,0
2026-09-09,103,118680,3
2026-09-09,103,184250,0
2026-09-09,103,774040,3
2026-09-09,103,551930,8
2026-09-09,103,229070,1
2026-09-09,103,330130,2
2026-09-09,103,667330,3
2026-09-09,103,441230,0
2026-09-09,103,990130,5
2026-09-09,103,118690,2
2026-09-10,101,118634,4
2026-09-10,101,184220,5
2026-09-10,101,551902,2
2026-09-10,101,774015,1
2026-09-10,101,445880,3
2026-09-10,101,229045,2
2026-09-10,101,667301,3
2026-09-10,101,330112,6
2026-09-10,101,330118,2
2026-09-10,101,441201,1
2026-09-10,101,118640,4
2026-09-10,101,118655,8
2026-09-10,101,184230,3
2026-09-10,101,184240,7
2026-09-10,101,551910,8
2026-09-10,101,551920,4
2026-09-10,101,774020,1
2026-09-10,101,774030,1
2026-09-10,101,445890,4
2026-09-10,101,229050,3
2026-09-10,101,229060,3
2026-09-10,101,667310,0
2026-09-10,101,667320,4
2026-09-10,101,330120,14
2026-09-10,101,441210,0
2026-09-10,101,441220,0
2026-09-10,101,990101,3
2026-09-10,101,990110,1
2026-09-10,101,990120,4
2026-09-10,101,118670,6
2026-09-10,101,118680,2
2026-09-10,101,184250,1
2026-09-10,101,774040,0
2026-09-10,101,551930,5
2026-09-10,101,229070,1
2026-09-10,101,330130,4
2026-09-10,101,667330,2
2026-09-10,101,441230,0
2026-09-10,101,990130,6
2026-09-10,101,118690,2
2026-09-10,102,118634,10
2026-09-10,102,184220,1
2026-09-10,102,551902,7
2026-09-10,102,774015,1
2026-09-10,102,445880,1
2026-09-10,102,229045,0
2026-09-10,102,667301,2
2026-09-10,102,330112,4
2026-09-10,102,330118,0
2026-09-10,102,441201,1
2026-09-10,102,118640,3
2026-09-10,102,118655,3
2026-09-10,102,184230,3
2026-09-10,102,184240,1
2026-09-10,102,551910,3
2026-09-10,102,551920,3
2026-09-10,102,774020,0
2026-09-10,102,774030,1
2026-09-10,102,445890,2
2026-09-10,102,229050,4
2026-09-10,102,229060,0
2026-09-10,102,667310,0
2026-09-10,102,667320,0
2026-09-10,102,330120,6
2026-09-10,102,441210,1
2026-09-10,102,441220,1
2026-09-10,102,990101,7
2026-09-10,102,990110,1
2026-09-10,102,990120,2
2026-09-10,102,118670,2
2026-09-10,102,118680,3
2026-09-10,102,184250,3
2026-09-10,102,774040,1
2026-09-10,102,551930,5
2026-09-10,102,229070,2
2026-09-10,102,330130,2
2026-09-10,102,667330,2
2026-09-10,102,441230,0
2026-09-10,102,990130,5
2026-09-10,102,118690,0
2026-09-10,103,118634,3
2026-09-10,103,184220,3
2026-09-10,103,551902,2
2026-09-10,103,774015,4
2026-09-10,103,445880,2
2026-09-10,103,229045,0
2026-09-10,103,667301,1
2026-09-10,103,330112,1
2026-09-10,103,330118,1
2026-09-10,103,441201,1
2026-09-10,103,118640,7
2026-09-10,103,118655,6
2026-09-10,103,184230,5
2026-09-10,103,184240,1
2026-09-10,103,551910,4
2026-09-10,103,551920,2
2026-09-10,103,774020,1
2026-09-10,103,774030,0
2026-09-10,103,445890,2
2026-09-10,103,229050,6
2026-09-10,103,229060,3
2026-09-10,103,667310,0
2026-09-10,103,667320,3
2026-09-10,103,330120,4
2026-09-10,103,441210,1
2026-09-10,103,441220,2
2026-09-10,103,990101,4
2026-09-10,103,990110,3
2026-09-10,103,990120,1
2026-09-10,103,118670,2
2026-09-10,103,118680,1
2026-09-10,103,184250,2
2026-09-10,103,774040,3
2026-09-10,103,551930,7
2026-09-10,103,229070,1
2026-09-10,103,330130,1
2026-09-10,103,667330,0
2026-09-10,103,441230,1
2026-09-10,103,990130,6
2026-09-10,103,118690,2
2026-09-11,101,118634,6
2026-09-11,101,184220,5
2026-09-11,101,551902,3
2026-09-11,101,774015,1
2026-09-11,101,445880,1
2026-09-11,101,229045,1
2026-09-11,101,667301,1
2026-09-11,101,330112,4
2026-09-11,101,330118,2
2026-09-11,101,441201,0
2026-09-11,101,118640,9
2026-09-11,101,118655,7
2026-09-11,101,184230,5
2026-09-11,101,184240,2
2026-09-11,101,551910,4
2026-09-11,101,551920,3
2026-09-11,101,774020,1
2026-09-11,101,774030,0
2026-09-11,101,445890,2
2026-09-11,101,229050,1
2026-09-11,101,229060,2
2026-09-11,101,667310,2
2026-09-11,101,667320,3
2026-09-11,101,330120,4
2026-09-11,101,441210,0
2026-09-11,101,441220,0
2026-09-11,101,990101,6
2026-09-11,101,990110,3
2026-09-11,101,990120,2
2026-09-11,101,118670,7
2026-09-11,101,118680,6
2026-09-11,101,184250,0
2026-09-11,101,774040,0
2026-09-11,101,551930,4
2026-09-11,101,229070,2
2026-09-11,101,330130,5
2026-09-11,101,667330,1
2026-09-11,101,441230,0
2026-09-11,101,990130,6
2026-09-11,101,118690,2
2026-09-11,102,118634,1
2026-09-11,102,184220,3
2026-09-11,102,551902,6
2026-09-11,102,774015,3
2026-09-11,102,445880,0
2026-09-11,102,229045,3
2026-09-11,102,667301,1
2026-09-11,102,330112,2
2026-09-11,102,330118,5
2026-09-11,102,441201,0
2026-09-11,102,118640,6
2026-09-11,102,118655,7
2026-09-11,102,184230,5
2026-09-11,102,184240,3
2026-09-11,102,551910,5
2026-09-11,102,551920,0
2026-09-11,102,774020,1
2026-09-11,102,774030,2
2026-09-11,102,445890,1
2026-09-11,102,229050,1
2026-09-11,102,229060,0
2026-09-11,102,667310,1
2026-09-11,102,667320,1
2026-09-11,102,330120,4
2026-09-11,102,441210,1
2026-09-11,102,441220,1
2026-09-11,102,990101,5
2026-09-11,102,990110,2
2026-09-11,102,990120,0
2026-09-11,102,118670,3
2026-09-11,102,118680,3
2026-09-11,102,184250,3
2026-09-11,102,774040,0
2026-09-11,102,551930,3
2026-09-11,102,229070,1
2026-09-11,102,330130,1
2026-09-11,102,667330,1
2026-09-11,102,441230,2
2026-09-11,102,990130,5
2026-09-11,102,118690,3
2026-09-11,103,118634,5
2026-09-11,103,184220,2
2026-09-11,103,551902,2
2026-09-11,103,774015,2
2026-09-11,103,445880,3
2026-09-11,103,229045,2
2026-09-11,103,667301,0
2026-09-11,103,330112,2
2026-09-11,103,330118,1
2026-09-11,103,441201,1
2026-09-11,103,118640,1
2026-09-11,103,118655,1
2026-09-11,103,184230,2
2026-09-11,103,184240,5
2026-09-11,103,551910,3
2026-09-11,103,551920,1
2026-09-11,103,774020,1
2026-09-11,103,774030,2
2026-09-11,103,445890,2
2026-09-11,103,229050,5
2026-09-11,103,229060,2
2026-09-11,103,667310,1
2026-09-11,103,667320,5
2026-09-11,103,330120,3
2026-09-11,103,441210,0
2026-09-11,103,441220,2
2026-09-11,103,990101,4
2026-09-11,103,990110,1
2026-09-11,103,990120,0
2026-09-11,103,118670,4
2026-09-11,103,118680,3
2026-09-11,103,184250,1
2026-09-11,103,774040,1
2026-09-11,103,551930,3
2026-09-11,103,229070,1
2026-09-11,103,330130,3
2026-09-11,103,667330,1
2026-09-11,103,441230,2
2026-09-11,103,990130,8
2026-09-11,103,118690,2
2026-09-12,101,118634,8
2026-09-12,101,184220,5
2026-09-12,101,551902,3
2026-09-12,101,774015,1
2026-09-12,101,445880,6
2026-09-12,101,229045,4
2026-09-12,101,667301,5
2026-09-12,101,330112,6
2026-09-12,101,330118,0
2026-09-12,101,441201,0
2026-09-12,101,118640,6
2026-09-12,101,118655,9
2026-09-12,101,184230,12
2026-09-12,101,184240,7
2026-09-12,101,551910,5
2026-09-12,101,551920,3
2026-09-12,101,774020,0
2026-09-12,101,774030,0
2026-09-12,101,445890,4
2026-09-12,101,229050,5
2026-09-12,101,229060,2
2026-09-12,101,667310,1
2026-09-12,101,667320,2
2026-09-12,101,330120,6
2026-09-12,101,441210,1
2026-09-12,101,441220,0
2026-09-12,101,990101,9
2026-09-12,101,990110,3
2026-09-12,101,990120,3
2026-09-12,101,118670,10
2026-09-12,101,118680,2
2026-09-12,101,184250,1
2026-09-12,101,774040,0
2026-09-12,101,551930,4
2026-09-12,101,229070,2
2026-09-12,101,330130,2
2026-09-12,101,667330,3
2026-09-12,101,441230,2
2026-09-12,101,990130,10
2026-09-12,101,118690,3
2026-09-12,102,118634,2
2026-09-12,102,184220,9
2026-09-12,102,551902,4
2026-09-12,102,774015,1
2026-09-12,102,445880,6
2026-09-12,102,229045,1
2026-09-12,102,667301,3
2026-09-12,102,330112,4
2026-09-12,102,330118,1
2026-09-12,102,441201,2
2026-09-12,102,118640,6
2026-09-12,102,118655,5
2026-09-12,102,184230,5
2026-09-12,102,184240,3
2026-09-12,102,551910,8
2026-09-12,102,551920,2
2026-09-12,102,774020,2
2026-09-12,102,774030,1
2026-09-12,102,445890,3
2026-09-12,102,229050,4
2026-09-12,102,229060,2
2026-09-12,102,667310,3
2026-09-12,102,667320,8
2026-09-12,102,330120,6
2026-09-12,102,441210,0
2026-09-12,102,441220,0
2026-09-12,102,990101,4
2026-09-12,102,990110,2
2026-09-12,102,990120,2
2026-09-12,102,118670,6
2026-09-12,102,118680,4
2026-09-12,102,184250,5
2026-09-12,102,774040,3
2026-09-12,102,551930,5
2026-09-12,102,229070,1
2026-09-12,102,330130,4
2026-09-12,102,667330,2
2026-09-12,102,441230,1
2026-09-12,102,990130,4
2026-09-12,102,118690,5
2026-09-12,103,118634,7
2026-09-12,103,184220,4
2026-09-12,103,551902,3
2026-09-12,103,774015,5
2026-09-12,103,445880,4
2026-09-12,103,229045,1
2026-09-12,103,667301,3
2026-09-12,103,330112,3
2026-09-12,103,330118,2
2026-09-12,103,441201,1
2026-09-12,103,118640,6
2026-09-12,103,118655,4
2026-09-12,103,184230,5
2026-09-12,103,184240,1
2026-09-12,103,551910,2
2026-09-12,103,551920,1
2026-09-12,103,774020,2
2026-09-12,103,774030,0
2026-09-12,103,445890,2
2026-09-12,103,229050,2
2026-09-12,103,229060,3
2026-09-12,103,667310,0
2026-09-12,103,667320,2
2026-09-12,103,330120,4
2026-09-12,103,441210,0
2026-09-12,103,441220,1
2026-09-12,103,990101,8
2026-09-12,103,990110,1
2026-09-12,103,990120,4
2026-09-12,103,118670,1
2026-09-12,103,118680,0
2026-09-12,103,184250,2
2026-09-12,103,774040,3
2026-09-12,103,551930,3
2026-09-12,103,229070,3
2026-09-12,103,330130,0
2026-09-12,103,667330,3
2026-09-12,103,441230,0
2026-09-12,103,990130,0
2026-09-12,103,118690,1
2026-09-13,101,118634,7
2026-09-13,101,184220,3
2026-09-13,101,551902,4
2026-09-13,101,774015,3
2026-09-13,101,445880,4
2026-09-13,101,229045,3
2026-09-13,101,667301,2
2026-09-13,101,330112,4
2026-09-13,101,330118,3
2026-09-13,101,441201,1
2026-09-13,101,118640,6
2026-09-13,101,118655,6
2026-09-13,101,184230,10
2026-09-13,101,184240,4
2026-09-13,101,551910,5
2026-09-13,101,551920,4
2026-09-13,101,774020,1
2026-09-13,101,774030,3
2026-09-13,101,445890,1
2026-09-13,101,229050,2
2026-09-13,101,229060,2
2026-09-13,101,667310,1
2026-09-13,101,667320,6
2026-09-13,101,330120,7
2026-09-13,101,441210,2
2026-09-13,101,441220,2
2026-09-13,101,990101,4
2026-09-13,101,990110,7
2026-09-13,101,990120,4
2026-09-13,101,118670,8
2026-09-13,101,118680,6
2026-09-13,101,184250,3
2026-09-13,101,774040,1
2026-09-13,101,551930,3
2026-09-13,101,229070,2
2026-09-13,101,330130,2
2026-09-13,101,667330,4
2026-09-13,101,441230,2
2026-09-13,101,990130,4
2026-09-13,101,118690,8
2026-09-13,102,118634,9
2026-09-13,102,184220,10
2026-09-13,102,551902,2
2026-09-13,102,774015,0
2026-09-13,102,445880,0
2026-09-13,102,229045,3
2026-09-13,102,667301,1
2026-09-13,102,330112,3
2026-09-13,102,330118,3
2026-09-13,102,441201,0
2026-09-13,102,118640,10
2026-09-13,102,118655,8
2026-09-13,102,184230,3
2026-09-13,102,184240,2
2026-09-13,102,551910,6
2026-09-13,102,551920,4
2026-09-13,102,774020,0
2026-09-13,102,774030,3
2026-09-13,102,445890,2
2026-09-13,102,229050,3
2026-09-13,102,229060,2
2026-09-13,102,667310,4
2026-09-13,102,667320,1
2026-09-13,102,330120,3
2026-09-13,102,441210,0
2026-09-13,102,441220,3
2026-09-13,102,990101,3
2026-09-13,102,990110,2
2026-09-13,102,990120,2
2026-09-13,102,118670,3
2026-09-13,102,118680,2
2026-09-13,102,184250,1
2026-09-13,102,774040,1
2026-09-13,102,551930,5
2026-09-13,102,229070,0
2026-09-13,102,330130,5
2026-09-13,102,667330,2
2026-09-13,102,441230,1
2026-09-13,102,990130,5
2026-09-13,102,118690,5
2026-09-13,103,118634,3
2026-09-13,103,184220,3
2026-09-13,103,551902,2
2026-09-13,103,774015,1
2026-09-13,103,445880,4
2026-09-13,103,229045,3
2026-09-13,103,667301,2
2026-09-13,103,330112,4
2026-09-13,103,330118,0
2026-09-13,103,441201,1
2026-09-13,103,118640,1
2026-09-13,103,118655,2
2026-09-13,103,184230,3
2026-09-13,103,184240,4
2026-09-13,103,551910,7
2026-09-13,103,551920,1
2026-09-13,103,774020,2
2026-09-13,103,774030,6
2026-09-13,103,445890,3
2026-09-13,103,229050,0
2026-09-13,103,229060,0
2026-09-13,103,667310,1
2026-09-13,103,667320,0
2026-09-13,103,330120,6
2026-09-13,103,441210,1
2026-09-13,103,441220,0
2026-09-13,103,990101,1
2026-09-13,103,990110,3
2026-09-13,103,990120,1
2026-09-13,103,118670,2
2026-09-13,103,118680,4
2026-09-13,103,184250,1
2026-09-13,103,774040,2
2026-09-13,103,551930,3
2026-09-13,103,229070,1
2026-09-13,103,330130,3
2026-09-13,103,667330,2
2026-09-13,103,441230,1
2026-09-13,103,990130,9
2026-09-13,103,118690,4
2026-09-14,101,118634,10
2026-09-14,101,184220,5
2026-09-14,101,551902,4
2026-09-14,101,774015,1
2026-09-14,101,445880,5
2026-09-14,101,229045,0
2026-09-14,101,667301,4
2026-09-14,101,330112,1
2026-09-14,101,330118,5
2026-09-14,101,441201,3
2026-09-14,101,118640,5
2026-09-14,101,118655,8
2026-09-14,101,184230,3
2026-09-14,101,184240,8
2026-09-14,101,551910,6
2026-09-14,101,551920,5
2026-09-14,101,774020,0
2026-09-14,101,774030,0
2026-09-14,101,445890,4
2026-09-14,101,229050,0
2026-09-14,101,229060,1
2026-09-14,101,667310,3
2026-09-14,101,667320,1
2026-09-14,101,330120,6
2026-09-14,101,441210,0
2026-09-14,101,441220,0
2026-09-14,101,990101,4
2026-09-14,101,990110,5
2026-09-14,101,990120,1
2026-09-14,101,118670,4
2026-09-14,101,118680,4
2026-09-14,101,184250,6
2026-09-14,101,774040,1
2026-09-14,101,551930,5
2026-09-14,101,229070,0
2026-09-14,101,330130,5
2026-09-14,101,667330,2
2026-09-14,101,441230,0
2026-09-14,101,990130,6
2026-09-14,101,118690,3
2026-09-14,102,118634,7
2026-09-14,102,184220,3
2026-09-14,102,551902,3
2026-09-14,102,774015,1
2026-09-14,102,445880,2
2026-09-14,102,229045,3
2026-09-14,102,667301,1
2026-09-14,102,330112,1
2026-09-14,102,330118,2
2026-09-14,102,441201,1
2026-09-14,102,118640,6
2026-09-14,102,118655,2
2026-09-14,102,184230,4
2026-09-14,102,184240,4
2026-09-14,102,551910,7
2026-09-14,102,551920,2
2026-09-14,102,774020,0
2026-09-14,102,774030,2
2026-09-14,102,445890,2
2026-09-14,102,229050,1
2026-09-14,102,229060,1
2026-09-14,102,667310,3
2026-09-14,102,667320,1
2026-09-14,102,330120,3
2026-09-14,102,441210,0
2026-09-14,102,441220,0
2026-09-14,102,990101,1
2026-09-14,102,990110,0
2026-09-14,102,990120,5
2026-09-14,102,118670,3
2026-09-14,102,118680,2
2026-09-14,102,184250,2
2026-09-14,102,774040,2
2026-09-14,102,551930,1
2026-09-14,102,229070,0
2026-09-14,102,330130,2
2026-09-14,102,667330,2
2026-09-14,102,441230,0
2026-09-14,102,990130,5
2026-09-14,102,118690,4
2026-09-14,103,118634,2
2026-09-14,103,184220,2
2026-09-14,103,551902,3
2026-09-14,103,774015,4
2026-09-14,103,445880,0
2026-09-14,103,229045,3
2026-09-14,103,667301,3
2026-09-14,103,330112,5
2026-09-14,103,330118,5
2026-09-14,103,441201,1
2026-09-14,103,118640,4
2026-09-14,103,118655,4
2026-09-14,103,184230,2
2026-09-14,103,184240,2
2026-09-14,103,551910,0
2026-09-14,103,551920,2
2026-09-14,103,774020,2
2026-09-14,103,774030,3
2026-09-14,103,445890,0
2026-09-14,103,229050,1
2026-09-14,103,229060,1
2026-09-14,103,667310,1
2026-09-14,103,667320,0
2026-09-14,103,330120,8
2026-09-14,103,441210,1
2026-09-14,103,441220,3
2026-09-14,103,990101,7
2026-09-14,103,990110,1
2026-09-14,103,990120,4
2026-09-14,103,118670,5
2026-09-14,103,118680,2
2026-09-14,103,184250,2
2026-09-14,103,774040,2
2026-09-14,103,551930,6
2026-09-14,103,229070,2
2026-09-14,103,330130,2
2026-09-14,103,667330,0
2026-09-14,103,441230,1
2026-09-14,103,990130,10
2026-09-14,103,118690,1
2026-09-15,101,118634,8
2026-09-15,101,184220,6
2026-09-15,101,551902,1
2026-09-15,101,774015,0
2026-09-15,101,445880,4
2026-09-15,101,229045,2
2026-09-15,101,667301,1
2026-09-15,101,330112,2
2026-09-15,101,330118,2
2026-09-15,101,441201,0
2026-09-15,101,118640,10
2026-09-15,101,118655,2
2026-09-15,101,184230,4
2026-09-15,101,184240,7
2026-09-15,101,551910,6
2026-09-15,101,551920,0
2026-09-15,101,774020,0
2026-09-15,101,774030,0
2026-09-15,101,445890,1
2026-09-15,101,229050,3
2026-09-15,101,229060,2
2026-09-15,101,667310,3
2026-09-15,101,667320,2
2026-09-15,101,330120,5
2026-09-15,101,441210,1
2026-09-15,101,441220,0
2026-09-15,101,990101,2
2026-09-15,101,990110,1
2026-09-15,101,990120,2
2026-09-15,101,118670,6
2026-09-15,101,118680,6
2026-09-15,101,184250,5
2026-09-15,101,774040,1
2026-09-15,101,551930,7
2026-09-15,101,229070,1
2026-09-15,101,330130,5
2026-09-15,101,667330,0
2026-09-15,101,441230,0
2026-09-15,101,990130,5
2026-09-15,101,118690,2
2026-09-15,102,118634,7
2026-09-15,102,184220,1
2026-09-15,102,551902,4
2026-09-15,102,774015,4
2026-09-15,102,445880,2
2026-09-15,102,229045,4
2026-09-15,102,667301,2
2026-09-15,102,330112,1
2026-09-15,102,330118,3
2026-09-15,102,441201,1
2026-09-15,102,118640,3
2026-09-15,102,118655,4
2026-09-15,102,184230,5
2026-09-15,102,184240,3
2026-09-15,102,551910,2
2026-09-15,102,551920,3
2026-09-15,102,774020,0
2026-09-15,102,774030,0
2026-09-15,102,445890,1
2026-09-15,102,229050,2
2026-09-15,102,229060,3
2026-09-15,102,667310,5
2026-09-15,102,667320,2
2026-09-15,102,330120,5
2026-09-15,102,441210,0
2026-09-15,102,441220,1
2026-09-15,102,990101,5
2026-09-15,102,990110,1
2026-09-15,102,990120,2
2026-09-15,102,118670,7
2026-09-15,102,118680,4
2026-09-15,102,184250,2
2026-09-15,102,774040,0
2026-09-15,102,551930,4
2026-09-15,102,229070,1
2026-09-15,102,330130,5
2026-09-15,102,667330,3
2026-09-15,102,441230,0
2026-09-15,102,990130,6
2026-09-15,102,118690,9
2026-09-15,103,118634,4
2026-09-15,103,184220,6
2026-09-15,103,551902,3
2026-09-15,103,774015,2
2026-09-15,103,445880,1
2026-09-15,103,229045,0
2026-09-15,103,667301,0
2026-09-15,103,330112,5
2026-09-15,103,330118,5
2026-09-15,103,441201,0
2026-09-15,103,118640,3
2026-09-15,103,118655,1
2026-09-15,103,184230,5
2026-09-15,103,184240,2
2026-09-15,103,551910,6
2026-09-15,103,551920,2
2026-09-15,103,774020,1
2026-09-15,103,774030,0
2026-09-15,103,445890,2
2026-09-15,103,229050,1
2026-09-15,103,229060,0
2026-09-15,103,667310,1
2026-09-15,103,667320,2
2026-09-15,103,330120,1
2026-09-15,103,441210,1
2026-09-15,103,441220,1
2026-09-15,103,990101,2
2026-09-15,103,990110,0
2026-09-15,103,990120,3
2026-09-15,103,118670,3
2026-09-15,103,118680,2
2026-09-15,103,184250,1
2026-09-15,103,774040,1
2026-09-15,103,551930,3
2026-09-15,103,229070,0
2026-09-15,103,330130,3
2026-09-15,103,667330,4
2026-09-15,103,441230,1
2026-09-15,103,990130,6
2026-09-15,103,118690,4
2026-09-16,101,118634,7
2026-09-16,101,184220,5
2026-09-16,101,551902,2
2026-09-16,101,774015,1
2026-09-16,101,445880,1
2026-09-16,101,229045,3
2026-09-16,101,667301,1
2026-09-16,101,330112,7
2026-09-16,101,330118,0
2026-09-16,101,441201,1
2026-09-16,101,118640,7
2026-09-16,101,118655,3
2026-09-16,101,184230,3
2026-09-16,101,184240,6
2026-09-16,101,551910,4
2026-09-16,101,551920,3
2026-09-16,101,774020,2
2026-09-16,101,774030,0
2026-09-16,101,445890,1
2026-09-16,101,229050,3
2026-09-16,101,229060,0
2026-09-16,101,667310,2
2026-09-16,101,667320,1
2026-09-16,101,330120,5
2026-09-16,101,441210,0
2026-09-16,101,441220,0
2026-09-16,101,990101,6
2026-09-16,101,990110,4
2026-09-16,101,990120,2
2026-09-16,101,118670,5
2026-09-16,101,118680,4
2026-09-16,101,184250,1
2026-09-16,101,774040,0
2026-09-16,101,551930,4
2026-09-16,101,229070,2
2026-09-16,101,330130,0
2026-09-16,101,667330,0
2026-09-16,101,441230,2
2026-09-16,101,990130,6
2026-09-16,101,118690,3
2026-09-16,102,118634,3
2026-09-16,102,184220,4
2026-09-16,102,551902,1
2026-09-16,102,774015,0
2026-09-16,102,445880,1
2026-09-16,102,229045,3
2026-09-16,102,667301,0
2026-09-16,102,330112,7
2026-09-16,102,330118,3
2026-09-16,102,441201,1
2026-09-16,102,118640,9
2026-09-16,102,118655,4
2026-09-16,102,184230,3
2026-09-16,102,184240,5
2026-09-16,102,551910,4
2026-09-16,102,551920,4
2026-09-16,102,774020,2
2026-09-16,102,774030,0
2026-09-16,102,445890,0
2026-09-16,102,229050,2
2026-09-16,102,229060,0
2026-09-16,102,667310,3
2026-09-16,102,667320,4
2026-09-16,102,330120,6
2026-09-16,102,441210,0
2026-09-16,102,441220,0
2026-09-16,102,990101,8
2026-09-16,102,990110,2
2026-09-16,102,990120,2
2026-09-16,102,118670,0
2026-09-16,102,118680,4
2026-09-16,102,184250,1
2026-09-16,102,774040,0
2026-09-16,102,551930,6
2026-09-16,102,229070,2
2026-09-16,102,330130,1
2026-09-16,102,667330,3
2026-09-16,102,441230,2
2026-09-16,102,990130,3
2026-09-16,102,118690,4
2026-09-16,103,118634,2
2026-09-16,103,184220,2
2026-09-16,103,551902,5
2026-09-16,103,774015,1
2026-09-16,103,445880,4
2026-09-16,103,229045,2
2026-09-16,103,667301,1
2026-09-16,103,330112,4
2026-09-16,103,330118,1
2026-09-16,103,441201,0
2026-09-16,103,118640,3
2026-09-16,103,118655,5
2026-09-16,103,184230,5
2026-09-16,103,184240,4
2026-09-16,103,551910,3
2026-09-16,103,551920,0
2026-09-16,103,774020,1
2026-09-16,103,774030,1
2026-09-16,103,445890,4
2026-09-16,103,229050,0
2026-09-16,103,229060,4
2026-09-16,103,667310,0
2026-09-16,103,667320,2
2026-09-16,103,330120,2
2026-09-16,103,441210,2
2026-09-16,103,441220,4
2026-09-16,103,990101,3
2026-09-16,103,990110,2
2026-09-16,103,990120,1
2026-09-16,103,118670,4
2026-09-16,103,118680,5
2026-09-16,103,184250,0
2026-09-16,103,774040,0
2026-09-16,103,551930,5
2026-09-16,103,229070,4
2026-09-16,103,330130,6
2026-09-16,103,667330,6
2026-09-16,103,441230,0
2026-09-16,103,990130,6
2026-09-16,103,118690,0
2026-09-17,101,118634,6
2026-09-17,101,184220,6
2026-09-17,101,551902,5
2026-09-17,101,774015,0
2026-09-17,101,445880,2
2026-09-17,101,229045,0
2026-09-17,101,667301,0
2026-09-17,101,330112,3
2026-09-17,101,330118,3
2026-09-17,101,441201,2
2026-09-17,101,118640,3
2026-09-17,101,118655,3
2026-09-17,101,184230,6
2026-09-17,101,184240,7
2026-09-17,101,551910,3
2026-09-17,101,551920,1
2026-09-17,101,774020,0
2026-09-17,101,774030,1
2026-09-17,101,445890,0
2026-09-17,101,229050,1
2026-09-17,101,229060,1
2026-09-17,101,667310,1
2026-09-17,101,667320,2
2026-09-17,101,330120,6
2026-09-17,101,441210,2
2026-09-17,101,441220,1
2026-09-17,101,990101,1
2026-09-17,101,990110,2
2026-09-17,101,990120,0
2026-09-17,101,118670,7
2026-09-17,101,118680,6
2026-09-17,101,184250,4
2026-09-17,101,774040,0
2026-09-17,101,551930,7
2026-09-17,101,229070,1
2026-09-17,101,330130,4
2026-09-17,101,667330,2
2026-09-17,101,441230,1
2026-09-17,101,990130,5
2026-09-17,101,118690,2
2026-09-17,102,118634,2
2026-09-17,102,184220,2
2026-09-17,102,551902,5
2026-09-17,102,774015,2
2026-09-17,102,445880,2
2026-09-17,102,229045,1
2026-09-17,102,667301,2
2026-09-17,102,330112,3
2026-09-17,102,330118,2
2026-09-17,102,441201,1
2026-09-17,102,118640,4
2026-09-17,102,118655,4
2026-09-17,102,184230,2
2026-09-17,102,184240,4
2026-09-17,102,551910,1
2026-09-17,102,551920,0
2026-09-17,102,774020,1
2026-09-17,102,774030,0
2026-09-17,102,445890,3
2026-09-17,102,229050,3
2026-09-17,102,229060,1
2026-09-17,102,667310,0
2026-09-17,102,667320,1
2026-09-17,102,330120,4
2026-09-17,102,441210,0
2026-09-17,102,441220,1
2026-09-17,102,990101,5
2026-09-17,102,990110,2
2026-09-17,102,990120,1
2026-09-17,102,118670,3
2026-09-17,102,118680,6
2026-09-17,102,184250,2
2026-09-17,102,774040,1
2026-09-17,102,551930,3
2026-09-17,102,229070,1
2026-09-17,102,330130,4
2026-09-17,102,667330,1
2026-09-17,102,441230,1
2026-09-17,102,990130,3
2026-09-17,102,118690,3
2026-09-17,103,118634,6
2026-09-17,103,184220,4
2026-09-17,103,551902,3
2026-09-17,103,774015,0
2026-09-17,103,445880,2
2026-09-17,103,229045,0
2026-09-17,103,667301,2
2026-09-17,103,330112,3
2026-09-17,103,330118,3
2026-09-17,103,441201,1
2026-09-17,103,118640,1
2026-09-17,103,118655,1
2026-09-17,103,184230,4
2026-09-17,103,184240,2
2026-09-17,103,551910,6
2026-09-17,103,551920,3
2026-09-17,103,774020,2
2026-09-17,103,774030,1
2026-09-17,103,445890,2
2026-09-17,103,229050,3
2026-09-17,103,229060,5
2026-09-17,103,667310,2
2026-09-17,103,667320,3
2026-09-17,103,330120,3
2026-09-17,103,441210,1
2026-09-17,103,441220,1
2026-09-17,103,990101,1
2026-09-17,103,990110,2
2026-09-17,103,990120,1
2026-09-17,103,118670,2
2026-09-17,103,118680,2
2026-09-17,103,184250,0
2026-09-17,103,774040,0
2026-09-17,103,551930,4
2026-09-17,103,229070,1
2026-09-17,103,330130,2
2026-09-17,103,667330,3
2026-09-17,103,441230,0
2026-09-17,103,990130,3
2026-09-17,103,118690,2
2026-09-18,101,118634,7
2026-09-18,101,184220,6
2026-09-18,101,551902,2
2026-09-18,101,774015,1
2026-09-18,101,445880,1
2026-09-18,101,229045,1
2026-09-18,101,667301,0
2026-09-18,101,330112,3
2026-09-18,101,330118,1
2026-09-18,101,441201,0
2026-09-18,101,118640,5
2026-09-18,101,118655,5
2026-09-18,101,184230,5
2026-09-18,101,184240,4
2026-09-18,101,551910,5
2026-09-18,101,551920,4
2026-09-18,101,774020,2
2026-09-18,101,774030,0
2026-09-18,101,445890,4
2026-09-18,101,229050,1
2026-09-18,101,229060,1
2026-09-18,101,667310,0
2026-09-18,101,667320,2
2026-09-18,101,330120,4
2026-09-18,101,441210,1
2026-09-18,101,441220,0
2026-09-18,101,990101,4
2026-09-18,101,990110,2
2026-09-18,101,990120,0
2026-09-18,101,118670,1
2026-09-18,101,118680,3
2026-09-18,101,184250,3
2026-09-18,101,774040,0
2026-09-18,101,551930,5
2026-09-18,101,229070,2
2026-09-18,101,330130,1
2026-09-18,101,667330,3
2026-09-18,101,441230,0
2026-09-18,101,990130,5
2026-09-18,101,118690,5
2026-09-18,102,118634,8
2026-09-18,102,184220,4
2026-09-18,102,551902,5
2026-09-18,102,774015,1
2026-09-18,102,445880,1
2026-09-18,102,229045,2
2026-09-18,102,667301,6
2026-09-18,102,330112,4
2026-09-18,102,330118,1
2026-09-18,102,441201,1
2026-09-18,102,118640,3
2026-09-18,102,118655,5
2026-09-18,102,184230,3
2026-09-18,102,184240,0
2026-09-18,102,551910,3
2026-09-18,102,551920,1
2026-09-18,102,774020,0
2026-09-18,102,774030,2
2026-09-18,102,445890,2
2026-09-18,102,229050,3
2026-09-18,102,229060,2
2026-09-18,102,667310,3
2026-09-18,102,667320,2
2026-09-18,102,330120,5
2026-09-18,102,441210,2
2026-09-18,102,441220,0
2026-09-18,102,990101,2
2026-09-18,102,990110,1
2026-09-18,102,990120,4
2026-09-18,102,118670,5
2026-09-18,102,118680,2
2026-09-18,102,184250,2
2026-09-18,102,774040,0
2026-09-18,102,551930,4
2026-09-18,102,229070,1
2026-09-18,102,330130,3
2026-09-18,102,667330,2
2026-09-18,102,441230,0
2026-09-18,102,990130,3
2026-09-18,102,118690,3
2026-09-18,103,118634,7
2026-09-18,103,184220,4
2026-09-18,103,551902,5
2026-09-18,103,774015,1
2026-09-18,103,445880,1
2026-09-18,103,229045,0
2026-09-18,103,667301,1
2026-09-18,103,330112,2
2026-09-18,103,330118,2
2026-09-18,103,441201,1
2026-09-18,103,118640,4
2026-09-18,103,118655,2
2026-09-18,103,184230,4
2026-09-18,103,184240,1
2026-09-18,103,551910,1
2026-09-18,103,551920,0
2026-09-18,103,774020,2
2026-09-18,103,774030,3
2026-09-18,103,445890,1
2026-09-18,103,229050,3
2026-09-18,103,229060,1
2026-09-18,103,667310,3
2026-09-18,103,667320,1
2026-09-18,103,330120,4
2026-09-18,103,441210,0
2026-09-18,103,441220,3
2026-09-18,103,990101,4
2026-09-18,103,990110,4
2026-09-18,103,990120,3
2026-09-18,103,118670,2
2026-09-18,103,118680,1
2026-09-18,103,184250,2
2026-09-18,103,774040,2
2026-09-18,103,551930,4
2026-09-18,103,229070,1
2026-09-18,103,330130,2
2026-09-18,103,667330,3
2026-09-18,103,441230,0
2026-09-18,103,990130,3
2026-09-18,103,118690,0
2026-09-19,101,118634,7
2026-09-19,101,184220,7
2026-09-19,101,551902,2
2026-09-19,101,774015,1
2026-09-19,101,445880,5
2026-09-19,101,229045,1
2026-09-19,101,667301,3
2026-09-19,101,330112,4
2026-09-19,101,330118,3
2026-09-19,101,441201,0
2026-09-19,101,118640,5
2026-09-19,101,118655,11
2026-09-19,101,184230,10
2026-09-19,101,184240,7
2026-09-19,101,551910,7
2026-09-19,101,551920,1
2026-09-19,101,774020,2
2026-09-19,101,774030,1
2026-09-19,101,445890,2
2026-09-19,101,229050,3
2026-09-19,101,229060,1
2026-09-19,101,667310,0
2026-09-19,101,667320,3
2026-09-19,101,330120,12
2026-09-19,101,441210,1
2026-09-19,101,441220,1
2026-09-19,101,990101,2
2026-09-19,101,990110,2
2026-09-19,101,990120,2
2026-09-19,101,118670,4
2026-09-19,101,118680,5
2026-09-19,101,184250,3
2026-09-19,101,774040,3
2026-09-19,101,551930,6
2026-09-19,101,229070,2
2026-09-19,101,330130,1
2026-09-19,101,667330,0
2026-09-19,101,441230,0
2026-09-19,101,990130,7
2026-09-19,101,118690,6
2026-09-19,102,118634,9
2026-09-19,102,184220,8
2026-09-19,102,551902,3
2026-09-19,102,774015,2
2026-09-19,102,445880,3
2026-09-19,102,229045,2
2026-09-19,102,667301,3
2026-09-19,102,330112,5
2026-09-19,102,330118,3
2026-09-19,102,441201,1
2026-09-19,102,118640,8
2026-09-19,102,118655,9
2026-09-19,102,184230,5
2026-09-19,102,184240,5
2026-09-19,102,551910,6
2026-09-19,102,551920,7
2026-09-19,102,774020,0
2026-09-19,102,774030,0
2026-09-19,102,445890,2
2026-09-19,102,229050,3
2026-09-19,102,229060,3
2026-09-19,102,667310,3
2026-09-19,102,667320,1
2026-09-19,102,330120,5
2026-09-19,102,441210,2
2026-09-19,102,441220,2
2026-09-19,102,990101,12
2026-09-19,102,990110,2
2026-09-19,102,990120,1
2026-09-19,102,118670,3
2026-09-19,102,118680,6
2026-09-19,102,184250,3
2026-09-19,102,774040,2
2026-09-19,102,551930,7
2026-09-19,102,229070,2
2026-09-19,102,330130,1
2026-09-19,102,667330,2
2026-09-19,102,441230,1
2026-09-19,102,990130,6
2026-09-19,102,118690,5
2026-09-19,103,118634,3
2026-09-19,103,184220,2
2026-09-19,103,551902,3
2026-09-19,103,774015,4
2026-09-19,103,445880,0
2026-09-19,103,229045,2
2026-09-19,103,667301,2
2026-09-19,103,330112,3
2026-09-19,103,330118,3
2026-09-19,103,441201,2
2026-09-19,103,118640,4
2026-09-19,103,118655,4
2026-09-19,103,184230,3
2026-09-19,103,184240,7
2026-09-19,103,551910,4
2026-09-19,103,551920,1
2026-09-19,103,774020,2
2026-09-19,103,774030,1
2026-09-19,103,445890,2
2026-09-19,103,229050,7
2026-09-19,103,229060,4
2026-09-19,103,667310,1
2026-09-19,103,667320,2
2026-09-19,103,330120,10
2026-09-19,103,441210,0
2026-09-19,103,441220,3
2026-09-19,103,990101,9
2026-09-19,103,990110,1
2026-09-19,103,990120,0
2026-09-19,103,118670,1
2026-09-19,103,118680,2
2026-09-19,103,184250,1
2026-09-19,103,774040,2
2026-09-19,103,551930,4
2026-09-19,103,229070,1
2026-09-19,103,330130,2
2026-09-19,103,667330,1
2026-09-19,103,441230,0
2026-09-19,103,990130,2
2026-09-19,103,118690,2
2026-09-20,101,118634,3
2026-09-20,101,184220,4
2026-09-20,101,551902,5
2026-09-20,101,774015,1
2026-09-20,101,445880,4
2026-09-20,101,229045,1
2026-09-20,101,667301,1
2026-09-20,101,330112,6
2026-09-20,101,330118,0
2026-09-20,101,441201,0
2026-09-20,101,118640,4
2026-09-20,101,118655,11
2026-09-20,101,184230,4
2026-09-20,101,184240,4
2026-09-20,101,551910,3
2026-09-20,101,551920,3
2026-09-20,101,774020,0
2026-09-20,101,774030,1
2026-09-20,101,445890,4
2026-09-20,101,229050,3
2026-09-20,101,229060,1
2026-09-20,101,667310,3
2026-09-20,101,667320,1
2026-09-20,101,330120,11
2026-09-20,101,441210,1
2026-09-20,101,441220,2
2026-09-20,101,990101,2
2026-09-20,101,990110,4
2026-09-20,101,990120,2
2026-09-20,101,118670,2
2026-09-20,101,118680,5
2026-09-20,101,184250,4
2026-09-20,101,774040,1
2026-09-20,101,551930,5
2026-09-20,101,229070,1
2026-09-20,101,330130,3
2026-09-20,101,667330,2
2026-09-20,101,441230,0
2026-09-20,101,990130,7
2026-09-20,101,118690,5
2026-09-20,102,118634,4
2026-09-20,102,184220,4
2026-09-20,102,551902,6
2026-09-20,102,774015,1
2026-09-20,102,445880,7
2026-09-20,102,229045,4
2026-09-20,102,667301,5
2026-09-20,102,330112,2
2026-09-20,102,330118,3
2026-09-20,102,441201,1
2026-09-20,102,118640,9
2026-09-20,102,118655,11
2026-09-20,102,184230,3
2026-09-20,102,184240,7
2026-09-20,102,551910,4
2026-09-20,102,551920,4
2026-09-20,102,774020,2
2026-09-20,102,774030,2
2026-09-20,102,445890,2
2026-09-20,102,229050,1
2026-09-20,102,229060,3
2026-09-20,102,667310,0
2026-09-20,102,667320,4
2026-09-20,102,330120,7
2026-09-20,102,441210,2
2026-09-20,102,441220,2
2026-09-20,102,990101,4
2026-09-20,102,990110,3
2026-09-20,102,990120,1
2026-09-20,102,118670,6
2026-09-20,102,118680,3
2026-09-20,102,184250,4
2026-09-20,102,774040,2
2026-09-20,102,551930,9
2026-09-20,102,229070,0
2026-09-20,102,330130,1
2026-09-20,102,667330,2
2026-09-20,102,441230,1
2026-09-20,102,990130,3
2026-09-20,102,118690,8
2026-09-20,103,118634,4
2026-09-20,103,184220,1
2026-09-20,103,551902,5
2026-09-20,103,774015,5
2026-09-20,103,445880,1
2026-09-20,103,229045,2
2026-09-20,103,667301,3
2026-09-20,103,330112,5
2026-09-20,103,330118,5
2026-09-20,103,441201,1
2026-09-20,103,118640,6
2026-09-20,103,118655,4
2026-09-20,103,184230,1
2026-09-20,103,184240,3
2026-09-20,103,551910,2
2026-09-20,103,551920,3
2026-09-20,103,774020,4
2026-09-20,103,774030,4
2026-09-20,103,445890,0
2026-09-20,103,229050,1
2026-09-20,103,229060,1
2026-09-20,103,667310,1
2026-09-20,103,667320,0
2026-09-20,103,330120,6
2026-09-20,103,441210,1
2026-09-20,103,441220,2
2026-09-20,103,990101,4
2026-09-20,103,990110,5
2026-09-20,103,990120,4
2026-09-20,103,118670,3
2026-09-20,103,118680,2
2026-09-20,103,184250,2
2026-09-20,103,774040,2
2026-09-20,103,551930,4
2026-09-20,103,229070,0
2026-09-20,103,330130,0
2026-09-20,103,667330,1
2026-09-20,103,441230,0
2026-09-20,103,990130,2
2026-09-20,103,118690,2
2026-09-21,101,118634,11
2026-09-21,101,184220,4
2026-09-21,101,551902,5
2026-09-21,101,774015,1
2026-09-21,101,445880,1
2026-09-21,101,229045,0
2026-09-21,101,667301,1
2026-09-21,101,330112,3
2026-09-21,101,330118,2
2026-09-21,101,441201,1
2026-09-21,101,118640,9
2026-09-21,101,118655,4
2026-09-21,101,184230,3
2026-09-21,101,184240,4
2026-09-21,101,551910,2
2026-09-21,101,551920,1
2026-09-21,101,774020,0
2026-09-21,101,774030,1
2026-09-21,101,445890,2
2026-09-21,101,229050,1
2026-09-21,101,229060,0
2026-09-21,101,667310,2
2026-09-21,101,667320,1
2026-09-21,101,330120,6
2026-09-21,101,441210,1
2026-09-21,101,441220,0
2026-09-21,101,990101,2
2026-09-21,101,990110,5
2026-09-21,101,990120,1
2026-09-21,101,118670,2
2026-09-21,101,118680,3
2026-09-21,101,184250,2
2026-09-21,101,774040,1
2026-09-21,101,551930,5
2026-09-21,101,229070,1
2026-09-21,101,330130,2
2026-09-21,101,667330,1
2026-09-21,101,441230,1
2026-09-21,101,990130,3
2026-09-21,101,118690,4
2026-09-21,102,118634,7
2026-09-21,102,184220,3
2026-09-21,102,551902,3
2026-09-21,102,774015,0
2026-09-21,102,445880,2
2026-09-21,102,229045,0
2026-09-21,102,667301,5
2026-09-21,102,330112,3
2026-09-21,102,330118,2
2026-09-21,102,441201,0
2026-09-21,102,118640,6
2026-09-21,102,118655,2
2026-09-21,102,184230,3
2026-09-21,102,184240,2
2026-09-21,102,551910,3
2026-09-21,102,551920,5
2026-09-21,102,774020,2
2026-09-21,102,774030,0
2026-09-21,102,445890,1
2026-09-21,102,229050,3
2026-09-21,102,229060,1
2026-09-21,102,667310,0
2026-09-21,102,667320,3
2026-09-21,102,330120,5
2026-09-21,102,441210,0
2026-09-21,102,441220,0
2026-09-21,102,990101,2
2026-09-21,102,990110,2
2026-09-21,102,990120,3
2026-09-21,102,118670,4
2026-09-21,102,118680,3
2026-09-21,102,184250,3
2026-09-21,102,774040,0
2026-09-21,102,551930,3
2026-09-21,102,229070,0
2026-09-21,102,330130,2
2026-09-21,102,667330,2
2026-09-21,102,441230,3
2026-09-21,102,990130,7
2026-09-21,102,118690,4
2026-09-21,103,118634,4
2026-09-21,103,184220,4
2026-09-21,103,551902,4
2026-09-21,103,774015,2
2026-09-21,103,445880,0
2026-09-21,103,229045,3
2026-09-21,103,667301,0
2026-09-21,103,330112,3
2026-09-21,103,330118,3
2026-09-21,103,441201,2
2026-09-21,103,118640,2
2026-09-21,103,118655,2
2026-09-21,103,184230,6
2026-09-21,103,184240,1
2026-09-21,103,551910,6
2026-09-21,103,551920,3
2026-09-21,103,774020,1
2026-09-21,103,774030,4
2026-09-21,103,445890,3
2026-09-21,103,229050,1
2026-09-21,103,229060,3
2026-09-21,103,667310,0
2026-09-21,103,667320,3
2026-09-21,103,330120,5
2026-09-21,103,441210,1
2026-09-21,103,441220,0
2026-09-21,103,990101,1
2026-09-21,103,990110,3
2026-09-21,103,990120,1
2026-09-21,103,118670,1
2026-09-21,103,118680,0
2026-09-21,103,184250,1
2026-09-21,103,774040,2
2026-09-21,103,551930,6
2026-09-21,103,229070,1
2026-09-21,103,330130,2
2026-09-21,103,667330,3
2026-09-21,103,441230,1
2026-09-21,103,990130,2
2026-09-21,103,118690,3
2026-09-22,101,118634,2
2026-09-22,101,184220,2
2026-09-22,101,551902,3
2026-09-22,101,774015,1
2026-09-22,101,445880,1
2026-09-22,101,229045,1
2026-09-22,101,667301,5
2026-09-22,101,330112,3
2026-09-22,101,330118,2
2026-09-22,101,441201,0
2026-09-22,101,118640,4
2026-09-22,101,118655,1
2026-09-22,101,184230,6
2026-09-22,101,184240,4
2026-09-22,101,551910,4
2026-09-22,101,551920,2
2026-09-22,101,774020,1
2026-09-22,101,774030,0
2026-09-22,101,445890,2
2026-09-22,101,229050,3
2026-09-22,101,229060,0
2026-09-22,101,667310,1
2026-09-22,101,667320,1
2026-09-22,101,330120,8
2026-09-22,101,441210,0
2026-09-22,101,441220,0
2026-09-22,101,990101,4
2026-09-22,101,990110,1
2026-09-22,101,990120,1
2026-09-22,101,118670,5
2026-09-22,101,118680,3
2026-09-22,101,184250,0
2026-09-22,101,774040,1
2026-09-22,101,551930,5
2026-09-22,101,229070,1
2026-09-22,101,330130,6
2026-09-22,101,667330,0
2026-09-22,101,441230,1
2026-09-22,101,990130,9
2026-09-22,101,118690,1
2026-09-22,102,118634,4
2026-09-22,102,184220,5
2026-09-22,102,551902,4
2026-09-22,102,774015,1
2026-09-22,102,445880,0
2026-09-22,102,229045,0
2026-09-22,102,667301,5
2026-09-22,102,330112,3
2026-09-22,102,330118,4
2026-09-22,102,441201,2
2026-09-22,102,118640,3
2026-09-22,102,118655,5
2026-09-22,102,184230,4
2026-09-22,102,184240,6
2026-09-22,102,551910,2
2026-09-22,102,551920,5
2026-09-22,102,774020,1
2026-09-22,102,774030,0
2026-09-22,102,445890,1
2026-09-22,102,229050,2
2026-09-22,102,229060,3
2026-09-22,102,667310,1
2026-09-22,102,667320,3
2026-09-22,102,330120,5
2026-09-22,102,441210,1
2026-09-22,102,441220,2
2026-09-22,102,990101,5
2026-09-22,102,990110,2
2026-09-22,102,990120,3
2026-09-22,102,118670,3
2026-09-22,102,118680,4
2026-09-22,102,184250,2
2026-09-22,102,774040,0
2026-09-22,102,551930,5
2026-09-22,102,229070,0
2026-09-22,102,330130,1
2026-09-22,102,667330,1
2026-09-22,102,441230,0
2026-09-22,102,990130,5
2026-09-22,102,118690,1
2026-09-22,103,118634,2
2026-09-22,103,184220,1
2026-09-22,103,551902,4
2026-09-22,103,774015,1
2026-09-22,103,445880,0
2026-09-22,103,229045,1
2026-09-22,103,667301,0
2026-09-22,103,330112,6
2026-09-22,103,330118,3
2026-09-22,103,441201,1
2026-09-22,103,118640,1
2026-09-22,103,118655,0
2026-09-22,103,184230,3
2026-09-22,103,184240,3
2026-09-22,103,551910,2
2026-09-22,103,551920,4
2026-09-22,103,774020,2
2026-09-22,103,774030,1
2026-09-22,103,445890,1
2026-09-22,103,229050,2
2026-09-22,103,229060,1
2026-09-22,103,667310,1
2026-09-22,103,667320,2
2026-09-22,103,330120,4
2026-09-22,103,441210,0
2026-09-22,103,441220,1
2026-09-22,103,990101,2
2026-09-22,103,990110,3
2026-09-22,103,990120,3
2026-09-22,103,118670,3
2026-09-22,103,118680,2
2026-09-22,103,184250,1
2026-09-22,103,774040,1
2026-09-22,103,551930,3
2026-09-22,103,229070,0
2026-09-22,103,330130,1
2026-09-22,103,667330,1
2026-09-22,103,441230,1
2026-09-22,103,990130,5
2026-09-22,103,118690,3
