po_id,dc_store_id,sku_id,receipt_date,cases_received
PO-26092201,901,118634,2026-09-22,7
PO-26092201,901,118670,2026-09-22,8
PO-26092201,901,118680,2026-09-22,6
PO-26092201,901,118690,2026-09-22,10
PO-26092201,901,184240,2026-09-22,12
PO-26092201,901,229045,2026-09-22,11
PO-26092201,901,229070,2026-09-22,3
PO-26092201,901,441210,2026-09-22,7
PO-26092201,901,551902,2026-09-22,9
PO-26092201,901,774040,2026-09-22,6
PO-26092201,901,990110,2026-09-22,14
PO-26092201,901,990130,2026-09-22,5
