asset_id,asset_type,install_year,criticality,cm_count,cm_downtime_hours,total_downtime_hours,pm_due,pm_on_time,maint_cost_usd,age_years,mtbf_days,mttr_hours,pm_compliance,availability
DC4-001,Reach Truck,2024,2,2,12.2,25.299999999999997,13,13,3441.2299999999996,2,182.5,6.1,1.0,0.9965342465753425
DC4-002,Reach Truck,2018,2,3,15.0,25.3,12,11,3653.13,8,121.66666666666667,5.0,0.9166666666666666,0.9965342465753425
DC4-003,Reach Truck,2014,2,11,57.699999999999996,70.0,12,12,13513.74,12,33.18181818181818,5.245454545454545,1.0,0.9904109589041096
DC4-004,Reach Truck,2015,2,8,48.0,58.79999999999999,12,9,10633.91,11,45.625,6.0,0.75,0.9919452054794521
DC4-005,Reach Truck,2019,2,3,14.7,24.099999999999998,11,6,5971.120000000001,7,121.66666666666667,4.8999999999999995,0.5454545454545454,0.9966986301369863
DC4-006,Reach Truck,2017,2,9,50.8,63.400000000000006,12,7,13571.039999999999,9,40.55555555555556,5.644444444444444,0.5833333333333334,0.9913150684931507
DC4-007,Reach Truck,2019,2,3,21.9,30.3,12,8,3532.6400000000003,7,121.66666666666667,7.3,0.6666666666666666,0.9958493150684932
DC4-008,Reach Truck,2014,2,7,33.5,46.79999999999999,12,12,7320.279999999999,12,52.142857142857146,4.785714285714286,1.0,0.9935890410958904
DC4-009,Reach Truck,2018,2,8,45.300000000000004,56.1,13,10,15601.299999999996,8,45.625,5.6625000000000005,0.7692307692307693,0.9923150684931507
DC4-010,Reach Truck,2020,2,5,22.6,31.800000000000004,12,7,8620.32,6,73.0,4.5200000000000005,0.5833333333333334,0.9956438356164383
DC4-011,Reach Truck,2024,2,6,32.5,45.29999999999999,12,9,6490.47,2,60.833333333333336,5.416666666666667,0.75,0.9937945205479453
DC4-012,Reach Truck,2015,2,6,40.6,51.40000000000001,12,12,9255.61,11,60.833333333333336,6.766666666666667,1.0,0.9929589041095891
DC4-013,Reach Truck,2017,2,7,41.699999999999996,53.7,12,10,10410.03,9,52.142857142857146,5.957142857142856,0.8333333333333334,0.9926438356164383
DC4-014,Reach Truck,2022,2,3,15.700000000000001,26.400000000000002,12,12,3653.55,4,121.66666666666667,5.233333333333333,1.0,0.9963835616438356
DC4-015,Order Picker,2021,1,6,70.8,80.5,12,10,5962.2,5,60.833333333333336,11.799999999999999,0.8333333333333334,0.988972602739726
DC4-016,Order Picker,2018,1,4,42.5,53.50000000000001,13,11,4437.159999999999,8,91.25,10.625,0.8461538461538461,0.9926712328767123
DC4-017,Order Picker,2016,1,6,60.099999999999994,68.1,12,8,6395.330000000002,10,60.833333333333336,10.016666666666666,0.6666666666666666,0.9906712328767123
DC4-018,Order Picker,2016,1,4,54.4,65.0,12,10,4665.53,10,91.25,13.6,0.8333333333333334,0.9910958904109589
DC4-019,Order Picker,2015,1,11,87.6,97.8,13,8,12670.719999999996,11,33.18181818181818,7.963636363636363,0.6153846153846154,0.9866027397260274
DC4-020,Order Picker,2019,1,4,31.099999999999998,42.1,12,11,7060.6,7,91.25,7.7749999999999995,0.9166666666666666,0.9942328767123287
DC4-021,Order Picker,2014,1,3,27.599999999999998,38.50000000000001,13,10,5285.710000000001,12,121.66666666666667,9.2,0.7692307692307693,0.9947260273972602
DC4-022,Order Picker,2014,1,2,13.3,22.5,12,8,4464.430000000001,12,182.5,6.65,0.6666666666666666,0.9969178082191781
DC4-023,Order Picker,2024,1,4,42.0,51.9,12,8,5543.65,2,91.25,10.5,0.6666666666666666,0.9928904109589041
DC4-024,Order Picker,2019,1,9,95.8,106.29999999999998,12,8,10171.65,7,40.55555555555556,10.644444444444444,0.6666666666666666,0.9854383561643836
DC4-025,Order Picker,2023,1,0,0.0,7.700000000000001,13,8,1241.4299999999998,3,,,0.6153846153846154,0.9989452054794521
DC4-026,Order Picker,2014,1,6,65.30000000000001,75.90000000000002,12,10,7419.329999999999,12,60.833333333333336,10.883333333333335,0.8333333333333334,0.9896027397260274
DC4-027,Order Picker,2017,1,8,91.9,103.9,12,9,14385.660000000003,9,45.625,11.4875,0.75,0.9857671232876712
DC4-028,Order Picker,2023,1,2,8.7,19.099999999999998,13,10,3914.809999999999,3,182.5,4.35,0.7692307692307693,0.9973835616438356
DC4-029,Order Picker,2023,1,2,19.1,30.3,12,11,4102.96,3,182.5,9.55,0.9166666666666666,0.9958493150684932
DC4-030,Order Picker,2014,1,4,24.400000000000002,32.900000000000006,12,8,4303.33,12,91.25,6.1000000000000005,0.6666666666666666,0.9954931506849315
DC4-031,Order Picker,2024,1,2,12.399999999999999,22.299999999999997,12,10,2912.88,2,182.5,6.199999999999999,0.8333333333333334,0.9969452054794521
DC4-032,Order Picker,2019,1,4,37.3,49.50000000000001,12,12,5897.820000000001,7,91.25,9.325,1.0,0.9932191780821917
DC4-033,Electric Pallet Jack,2016,2,3,19.1,29.8,12,12,6713.32,10,121.66666666666667,6.366666666666667,1.0,0.9959178082191781
DC4-034,Electric Pallet Jack,2015,2,2,15.5,25.100000000000005,12,8,3819.5299999999997,11,182.5,7.75,0.6666666666666666,0.9965616438356164
DC4-035,Electric Pallet Jack,2022,2,2,11.9,24.900000000000002,12,11,3415.369999999999,4,182.5,5.95,0.9166666666666666,0.9965890410958904
DC4-036,Electric Pallet Jack,2019,2,7,26.9,36.7,12,11,12923.059999999998,7,52.142857142857146,3.8428571428571425,0.9166666666666666,0.994972602739726
DC4-037,Electric Pallet Jack,2024,2,1,6.0,18.8,12,11,3773.3200000000006,2,365.0,6.0,0.9166666666666666,0.9974246575342466
DC4-038,Electric Pallet Jack,2015,2,3,17.0,28.900000000000002,12,10,6259.409999999999,11,121.66666666666667,5.666666666666667,0.8333333333333334,0.996041095890411
DC4-039,Electric Pallet Jack,2022,2,4,24.6,36.6,12,10,7225.430000000001,4,91.25,6.15,0.8333333333333334,0.994986301369863
DC4-040,Electric Pallet Jack,2022,2,1,3.5,14.6,12,11,3392.62,4,365.0,3.5,0.9166666666666666,0.998
DC4-041,Electric Pallet Jack,2016,2,3,17.3,28.899999999999995,12,11,5182.3,10,121.66666666666667,5.766666666666667,0.9166666666666666,0.996041095890411
DC4-042,Electric Pallet Jack,2023,2,3,15.7,25.8,12,7,4877.14,3,121.66666666666667,5.233333333333333,0.5833333333333334,0.9964657534246575
DC4-043,Electric Pallet Jack,2022,2,4,23.299999999999997,30.9,12,6,8682.93,4,91.25,5.824999999999999,0.5,0.9957671232876713
DC4-044,Electric Pallet Jack,2014,2,5,35.900000000000006,44.7,12,9,10799.37,12,73.0,7.1800000000000015,0.75,0.9938767123287672
DC4-045,Electric Pallet Jack,2016,2,3,11.7,21.2,12,9,7047.640000000002,10,121.66666666666667,3.9,0.75,0.9970958904109589
DC4-046,Electric Pallet Jack,2019,2,5,29.4,38.599999999999994,12,8,6582.750000000002,7,73.0,5.88,0.6666666666666666,0.9947123287671233
DC4-047,Electric Pallet Jack,2015,2,1,3.3,14.099999999999998,12,11,1995.7900000000002,11,365.0,3.3,0.9166666666666666,0.9980684931506849
DC4-048,Electric Pallet Jack,2023,2,4,25.599999999999998,37.199999999999996,12,11,8413.23,3,91.25,6.3999999999999995,0.9166666666666666,0.9949041095890411
DC4-049,Conveyor Section,2016,1,7,76.1,85.19999999999999,12,9,4832.4400000000005,10,52.142857142857146,10.87142857142857,0.75,0.9883287671232877
DC4-050,Conveyor Section,2015,1,5,46.0,57.5,12,10,2891.27,11,73.0,9.2,0.8333333333333334,0.9921232876712329
DC4-051,Conveyor Section,2019,1,9,87.5,100.10000000000001,13,11,9654.220000000003,7,40.55555555555556,9.722222222222221,0.8461538461538461,0.9862876712328768
DC4-052,Conveyor Section,2018,1,7,67.19999999999999,79.59999999999998,12,11,5158.039999999999,8,52.142857142857146,9.599999999999998,0.9166666666666666,0.9890958904109589
DC4-053,Conveyor Section,2017,1,6,51.0,61.49999999999999,12,7,6899.21,9,60.833333333333336,8.5,0.5833333333333334,0.9915753424657534
DC4-054,Conveyor Section,2017,1,5,56.10000000000001,68.0,12,10,2806.59,9,73.0,11.220000000000002,0.8333333333333334,0.9906849315068493
DC4-055,Conveyor Section,2017,1,5,28.8,43.19999999999999,12,11,2863.7499999999995,9,73.0,5.76,0.9166666666666666,0.9940821917808219
DC4-056,Conveyor Section,2018,1,8,68.10000000000001,79.20000000000002,13,12,3752.8900000000003,8,45.625,8.512500000000001,0.9230769230769231,0.9891506849315068
DC4-057,Dock Leveler,2014,3,3,18.799999999999997,28.89999999999999,12,8,3171.790000000001,12,121.66666666666667,6.266666666666666,0.6666666666666666,0.996041095890411
DC4-058,Dock Leveler,2017,3,2,7.4,16.299999999999997,12,11,2697.69,9,182.5,3.7,0.9166666666666666,0.9977671232876713
DC4-059,Dock Leveler,2015,3,5,35.3,43.89999999999999,13,9,4217.299999999999,11,73.0,7.06,0.6923076923076923,0.993986301369863
DC4-060,Dock Leveler,2020,3,1,9.4,19.900000000000002,12,10,2375.58,6,365.0,9.4,0.8333333333333334,0.9972739726027398
