asset_type,age_band,problem_code,asset_count,cm_count,downtime_hours,cm_per_asset
Conveyor Section,6+ years,BEARING,8,11,92.69999999999999,1.375
Conveyor Section,6+ years,BELT,8,25,208.39999999999998,3.125
Conveyor Section,6+ years,MOTOR,8,10,123.00000000000001,1.25
Conveyor Section,6+ years,SENSOR,8,6,56.69999999999999,0.75
Dock Leveler,6+ years,CONTROLS,4,2,15.2,0.5
Dock Leveler,6+ years,HYDRAULIC,4,5,33.5,1.25
Dock Leveler,6+ years,LIP,4,4,22.200000000000003,1.0
Electric Pallet Jack,6+ years,BATTERY,9,7,40.4,0.7777777777777778
Electric Pallet Jack,6+ years,CONTROLS,9,8,52.099999999999994,0.8888888888888888
Electric Pallet Jack,6+ years,WHEELS,9,17,83.6,1.8888888888888888
Electric Pallet Jack,under 6 years,BATTERY,7,6,31.900000000000002,0.8571428571428571
Electric Pallet Jack,under 6 years,CONTROLS,7,1,7.5,0.14285714285714285
Electric Pallet Jack,under 6 years,WHEELS,7,12,71.2,1.7142857142857142
Order Picker,6+ years,BATTERY,12,18,155.00000000000003,1.5
Order Picker,6+ years,BRAKES,12,8,63.10000000000001,0.6666666666666666
Order Picker,6+ years,ELECTRICAL,12,16,183.90000000000003,1.3333333333333333
Order Picker,6+ years,HYDRAULIC,12,5,53.0,0.4166666666666667
Order Picker,6+ years,TIRES,12,18,176.30000000000004,1.5
Order Picker,under 6 years,BATTERY,6,1,14.2,0.16666666666666666
Order Picker,under 6 years,BRAKES,6,2,26.1,0.3333333333333333
Order Picker,under 6 years,ELECTRICAL,6,5,47.2,0.8333333333333334
Order Picker,under 6 years,HYDRAULIC,6,3,35.0,0.5
Order Picker,under 6 years,TIRES,6,5,30.5,0.8333333333333334
Reach Truck,6+ years,BATTERY,11,34,177.79999999999998,3.090909090909091
Reach Truck,6+ years,ELECTRICAL,11,9,55.89999999999999,0.8181818181818182
Reach Truck,6+ years,HYDRAULIC,11,10,58.5,0.9090909090909091
Reach Truck,6+ years,MAST,11,7,43.4,0.6363636363636364
Reach Truck,6+ years,TIRES,11,10,56.2,0.9090909090909091
Reach Truck,under 6 years,BATTERY,3,2,9.5,0.6666666666666666
Reach Truck,under 6 years,ELECTRICAL,3,1,6.4,0.3333333333333333
Reach Truck,under 6 years,HYDRAULIC,3,3,17.8,1.0
Reach Truck,under 6 years,MAST,3,3,18.5,1.0
Reach Truck,under 6 years,TIRES,3,2,8.2,0.6666666666666666
