forecast_week,cases_last_year,growth,forecast_cases,truck_hours_needed,pickers_needed,picker_count,pickers_short
2026-09-28,421843,1.0643910891311554,449005.930212354,1796.023720849416,16,18,0
2026-10-05,434715,1.0643910891311554,462706.7723116502,1850.827089246601,16,18,0
2026-10-12,441525,1.0643910891311554,469955.2756286334,1879.8211025145335,16,18,0
2026-10-19,437195,1.0643910891311554,465346.4622126955,1861.385848850782,16,18,0
2026-10-26,443563,1.0643910891311554,472124.5046682827,1888.4980186731307,16,18,0
2026-11-02,441215,1.0643910891311554,469625.31439100276,1878.501257564011,16,18,0
2026-11-09,463348,1.0643910891311554,493183.4823667426,1972.7339294669705,17,18,0
2026-11-16,476797,1.0643910891311554,507498.47812446754,2029.9939124978703,18,18,0
2026-11-23,530660,1.0643910891311554,564829.775358339,2259.3191014333556,19,18,1
2026-11-30,513237,1.0643910891311554,546284.8894124068,2185.1395576496275,19,18,1
2026-12-07,548564,1.0643910891311554,583886.6334181431,2335.5465336725724,20,18,2
2026-12-14,531718,1.0643910891311554,565955.9011306397,2263.823604522559,20,18,2
2026-12-21,511323,1.0643910891311554,544247.6448678098,2176.9905794712395,19,18,1
