month_start,cases_shipped,kwh,period,baseline_kwh,savings_kwh,savings_usd,kwh_per_case,pre_months
2024-10-01,1635427,418614,BEFORE,415843.13320208393,-2770.8667979160673,-581.8820275623741,0.05905723188476707,11
2024-11-01,1885227,436011,BEFORE,430595.62972689874,-5415.37027310126,-1137.2277573512645,0.05905723188476707,11
2024-12-01,2381719,465477,BEFORE,459917.0728998305,-5559.927100169472,-1167.5846910355892,0.05905723188476707,11
2025-01-01,1657748,416325,BEFORE,417161.3496749838,836.3496749838232,175.63343174660287,0.05905723188476707,11
2025-02-01,1676818,425919,BEFORE,418287.5710870263,-7631.428912973672,-1602.600071724471,0.05905723188476707,11
2025-03-01,2108530,445709,BEFORE,443783.2867784629,-1925.713221537124,-404.399776522796,0.05905723188476707,11
2025-04-01,1710472,413072,BEFORE,420275.08316887624,7203.083168876241,1512.6474654640106,0.05905723188476707,11
2025-05-01,1688795,411543,BEFORE,418994.8995533102,7451.899553310184,1564.8989061951386,0.05905723188476707,11
2025-06-01,2232832,441145,BEFORE,451124.2188162032,9979.218816203182,2095.635951402668,0.05905723188476707,11
2025-07-01,1812853,425831,BEFORE,426321.4216264706,490.4216264705756,102.98854155882087,0.05905723188476707,11
2025-08-01,1739482,424646,BEFORE,421988.33346585336,-2657.6665341466432,-558.109972170795,0.05905723188476707,11
2025-09-01,2180682,377345,AFTER,448044.3841734126,70699.38417341257,14846.87067641664,0.05905723188476707,11
2025-10-01,1756998,349719,AFTER,423022.77993954695,73303.77993954695,15393.793787304858,0.05905723188476707,11
2025-11-01,1912020,369406,AFTER,432177.9501407873,62771.95014078729,13182.10952956533,0.05905723188476707,11
2025-12-01,2581338,403861,AFTER,471706.0184714358,67845.01847143582,14247.453879001521,0.05905723188476707,11
2026-01-01,1780321,365367,AFTER,424400.1717587954,59033.17175879539,12396.966069347032,0.05905723188476707,11
2026-02-01,1785873,361120,AFTER,424728.0575102196,63608.05751021957,13357.69207714611,0.05905723188476707,11
2026-03-01,2257369,393018,AFTER,452573.3061149597,59555.306114959705,12506.614284141539,0.05905723188476707,11
2026-04-01,1768172,363685,AFTER,423682.68544862734,59997.68544862734,12599.51394421174,0.05905723188476707,11
2026-05-01,1807063,356624,AFTER,425979.4802538578,69355.4802538578,14564.650853310137,0.05905723188476707,11
2026-06-01,2372184,388010,AFTER,459353.9621938093,71343.96219380928,14982.232060699947,0.05905723188476707,11
2026-07-01,1953314,358711,AFTER,434616.6594742369,75905.65947423689,15940.188489589746,0.05905723188476707,11
2026-08-01,2310875,390852,AFTER,455733.2223641861,64881.22236418608,13625.056696479076,0.05905723188476707,11
